2025-04-04 18:43:37,489 INFO: Создание шаблона: title=123, title_page=титульный.docx
2025-04-04 18:43:37,497 INFO: Файл титульной страницы сохранён: uploads/template_1_123_4129.docx
2025-04-04 18:43:37,497 INFO: Генерация PDF из uploads/template_1_123_4129.docx в static/previews/uploads/template_1_123_4129.pdf
2025-04-04 18:43:40,805 INFO: PDF успешно создан: convert /home/x3ron/diplom/uploads/template_1_123_4129.docx -> /home/x3ron/diplom/static/previews/template_1_123_4129.pdf using filter : writer_pdf_Export

2025-04-04 18:43:40,808 INFO: Конвертация PDF static/previews/uploads/template_1_123_4129.pdf в PNG preview_uploads/template_1_123_4129.png
2025-04-04 18:43:40,867 ERROR: Ошибка генерации предпросмотра: I/O Error: Couldn't open file 'static/previews/uploads/template_1_123_4129.pdf': No such file or directory.

2025-04-04 18:43:40,869 ERROR: Не удалось создать предпросмотр для шаблона '123'
2025-04-04 18:43:45,710 INFO: Создание шаблона: title=123123, title_page=титульный.docx
2025-04-04 18:43:45,713 INFO: Файл титульной страницы сохранён: uploads/template_1_123123_5950.docx
2025-04-04 18:43:45,713 INFO: Генерация PDF из uploads/template_1_123123_5950.docx в static/previews/uploads/template_1_123123_5950.pdf
2025-04-04 18:43:48,923 INFO: PDF успешно создан: convert /home/x3ron/diplom/uploads/template_1_123123_5950.docx -> /home/x3ron/diplom/static/previews/template_1_123123_5950.pdf using filter : writer_pdf_Export

2025-04-04 18:43:48,925 INFO: Конвертация PDF static/previews/uploads/template_1_123123_5950.pdf в PNG preview_uploads/template_1_123123_5950.png
2025-04-04 18:43:48,957 ERROR: Ошибка генерации предпросмотра: I/O Error: Couldn't open file 'static/previews/uploads/template_1_123123_5950.pdf': No such file or directory.

2025-04-04 18:43:48,958 ERROR: Не удалось создать предпросмотр для шаблона '123123'
2025-04-04 18:52:03,990 INFO: Создание шаблона: title=123123, title_page=титульный.docx
2025-04-04 18:52:03,993 INFO: Файл титульной страницы сохранён: uploads/template_1_123123_6286.docx
2025-04-04 18:52:03,993 INFO: Генерация PDF из uploads/template_1_123123_6286.docx в static/previews/template_1_123123_6286.pdf
2025-04-04 18:52:07,399 INFO: PDF успешно создан: convert /home/x3ron/diplom/uploads/template_1_123123_6286.docx -> /home/x3ron/diplom/static/previews/template_1_123123_6286.pdf using filter : writer_pdf_Export

2025-04-04 18:52:07,402 INFO: Конвертация PDF static/previews/template_1_123123_6286.pdf в PNG preview_uploads/template_1_123123_6286.png
2025-04-04 18:52:07,465 INFO: PNG успешно создан: 
2025-04-04 18:52:07,543 INFO: Шаблон '123123' успешно добавлен в базу данных
2025-04-04 18:57:30,931 INFO: Создание шаблона: title=123123123, title_page=титульный.docx
2025-04-04 18:57:30,939 INFO: Файл титульной страницы сохранён: uploads/template_1_123123123_7032.docx
2025-04-04 18:57:30,939 INFO: Генерация PDF из uploads/template_1_123123123_7032.docx в static/previews/template_1_123123123_7032.pdf
2025-04-04 18:57:34,463 INFO: PDF успешно создан: convert /home/x3ron/diplom/uploads/template_1_123123123_7032.docx -> /home/x3ron/diplom/static/previews/template_1_123123123_7032.pdf using filter : writer_pdf_Export

2025-04-04 18:57:34,465 INFO: Конвертация PDF static/previews/template_1_123123123_7032.pdf в PNG previews/uploads/template_1_123123123_7032.png
2025-04-04 18:57:34,531 INFO: PNG успешно создан: 
2025-04-04 18:57:34,576 INFO: Шаблон '123123123' успешно добавлен в базу данных
2025-04-04 18:59:37,703 INFO: Создание шаблона: title=123, title_page=титульный.docx
2025-04-04 18:59:37,710 INFO: Файл титульной страницы сохранён: uploads/template_1_123_5310.docx
2025-04-04 18:59:37,710 INFO: Генерация PDF из uploads/template_1_123_5310.docx в static/previews/template_1_123_5310.pdf
2025-04-04 18:59:41,557 INFO: PDF успешно создан: convert /home/x3ron/diplom/uploads/template_1_123_5310.docx -> /home/x3ron/diplom/static/previews/template_1_123_5310.pdf using filter : writer_pdf_Export

2025-04-04 18:59:41,559 INFO: Конвертация PDF static/previews/template_1_123_5310.pdf в PNG previews/uploads/template_1_123_5310.png
2025-04-04 18:59:41,687 INFO: PNG успешно создан: 
2025-04-04 18:59:41,738 INFO: Шаблон '123' успешно добавлен в базу данных
2025-04-04 19:00:56,193 INFO: Создание шаблона: title=321, title_page=титульный.docx
2025-04-04 19:00:56,196 INFO: Файл титульной страницы сохранён: uploads/template_1_321_5400.docx
2025-04-04 19:00:56,196 INFO: Генерация PDF из uploads/template_1_321_5400.docx в static/previews/template_1_321_5400.pdf
2025-04-04 19:01:00,633 INFO: PDF успешно создан: convert /home/x3ron/diplom/uploads/template_1_321_5400.docx -> /home/x3ron/diplom/static/previews/template_1_321_5400.pdf using filter : writer_pdf_Export

2025-04-04 19:01:00,638 INFO: Конвертация PDF static/previews/template_1_321_5400.pdf в PNG previews/uploads/template_1_321_5400.png
2025-04-04 19:01:00,722 INFO: PNG успешно создан: 
2025-04-04 19:01:00,763 INFO: Шаблон '321' успешно добавлен в базу данных
2025-04-04 19:01:42,622 INFO: Создание шаблона: title=123, title_page=титульный.docx
2025-04-04 19:01:42,629 INFO: Файл титульной страницы сохранён: uploads/template_1_123_6621.docx
2025-04-04 19:01:42,629 INFO: Генерация PDF из uploads/template_1_123_6621.docx в static/previews/template_1_123_6621.pdf
2025-04-04 19:01:46,117 INFO: PDF успешно создан: convert /home/x3ron/diplom/uploads/template_1_123_6621.docx -> /home/x3ron/diplom/static/previews/template_1_123_6621.pdf using filter : writer_pdf_Export

2025-04-04 19:01:46,120 INFO: Конвертация PDF static/previews/template_1_123_6621.pdf в PNG previews/uploads/template_1_123_6621.png
2025-04-04 19:01:46,196 INFO: PNG успешно создан: 
2025-04-04 19:01:46,230 INFO: Шаблон '123' успешно добавлен в базу данных
2025-04-04 19:13:03,914 INFO: Создание шаблона: title=123123, title_page=титульный.docx
2025-04-04 19:13:03,920 INFO: Файл титульной страницы сохранён: uploads/template_1_123123_5215.docx
2025-04-04 19:13:03,921 INFO: Генерация PDF из uploads/template_1_123123_5215.docx в static/previews/template_1_123123_5215.pdf
2025-04-04 19:13:07,701 INFO: PDF успешно создан: convert /home/x3ron/diplom/uploads/template_1_123123_5215.docx -> /home/x3ron/diplom/static/previews/template_1_123123_5215.pdf using filter : writer_pdf_Export

2025-04-04 19:13:07,704 INFO: Конвертация PDF static/previews/template_1_123123_5215.pdf в PNG previews/template_1_123123_5215.png
2025-04-04 19:13:08,187 INFO: PNG успешно создан: 
2025-04-04 19:13:08,235 INFO: Шаблон '123123' успешно добавлен в базу данных
2025-04-05 00:13:41,846 INFO: Создание шаблона: title=ttt, title_page=титульный.docx
2025-04-05 00:13:41,851 INFO: Файл титульной страницы сохранён: uploads/template_1_ttt_1154.docx
2025-04-05 00:13:41,851 INFO: Генерация PDF из uploads/template_1_ttt_1154.docx в static/previews/template_1_ttt_1154.pdf
2025-04-05 00:13:46,000 INFO: PDF успешно создан: convert /home/x3ron/diplom/uploads/template_1_ttt_1154.docx -> /home/x3ron/diplom/static/previews/template_1_ttt_1154.pdf using filter : writer_pdf_Export

2025-04-05 00:13:46,002 INFO: Конвертация PDF static/previews/template_1_ttt_1154.pdf в PNG static/previews/template_1_ttt_1154.png
2025-04-05 00:13:46,518 INFO: PNG успешно создан: 
2025-04-05 00:13:46,587 INFO: Шаблон 'ttt' успешно добавлен в базу данных
2025-04-05 00:32:06,882 INFO: Создание шаблона: title=123, title_page=титульный.docx
2025-04-05 00:32:06,889 INFO: Файл титульной страницы сохранён: uploads/template_1_123_5321.docx
2025-04-05 00:32:06,889 INFO: Генерация PDF из uploads/template_1_123_5321.docx в static/previews/template_1_123_5321.pdf
2025-04-05 00:32:10,290 INFO: PDF успешно создан: convert /home/x3ron/diplom/uploads/template_1_123_5321.docx -> /home/x3ron/diplom/static/previews/template_1_123_5321.pdf using filter : writer_pdf_Export

2025-04-05 00:32:10,291 INFO: Конвертация PDF static/previews/template_1_123_5321.pdf в PNG static/previews/template_1_123_5321.png
2025-04-05 00:32:10,752 INFO: PNG успешно создан: 
2025-04-05 00:32:10,777 INFO: Шаблон '123' успешно добавлен в базу данных
2025-04-05 00:37:00,823 INFO: Создание шаблона: title=123, title_page=титульный.docx
2025-04-05 00:37:00,825 INFO: Файл титульной страницы сохранён: uploads/template_1_123_1565.docx
2025-04-05 00:37:00,825 INFO: Генерация PDF из uploads/template_1_123_1565.docx в static/previews/template_1_123_1565.pdf
2025-04-05 00:37:05,774 INFO: PDF успешно создан: convert /home/x3ron/diplom/uploads/template_1_123_1565.docx -> /home/x3ron/diplom/static/previews/template_1_123_1565.pdf using filter : writer_pdf_Export

2025-04-05 00:37:05,781 INFO: Конвертация PDF static/previews/template_1_123_1565.pdf в PNG static/previews/template_1_123_1565.png
2025-04-05 00:37:06,412 INFO: PNG успешно создан: 
2025-04-05 00:37:06,458 INFO: Шаблон '123' успешно добавлен в базу данных
2025-04-05 00:37:43,467 INFO: Создание шаблона: title=123, title_page=титульный.docx
2025-04-05 00:37:43,490 INFO: Файл титульной страницы сохранён: uploads/template_1_123_1020.docx
2025-04-05 00:37:43,491 INFO: Генерация PDF из uploads/template_1_123_1020.docx в static/previews/template_1_123_1020.pdf
2025-04-05 00:37:49,278 INFO: PDF успешно создан: convert /home/x3ron/diplom/uploads/template_1_123_1020.docx -> /home/x3ron/diplom/static/previews/template_1_123_1020.pdf using filter : writer_pdf_Export

2025-04-05 00:37:49,280 INFO: Конвертация PDF static/previews/template_1_123_1020.pdf в PNG static/previews/template_1_123_1020.png
2025-04-05 00:37:49,683 INFO: PNG успешно создан: 
2025-04-05 00:37:49,741 INFO: Шаблон '123' успешно добавлен в базу данных
2025-04-05 00:38:25,947 INFO: Создание шаблона: title=shablon_economica, title_page=титульный.docx
2025-04-05 00:38:25,963 INFO: Файл титульной страницы сохранён: uploads/template_1_shablon_economica_2774.docx
2025-04-05 00:38:25,963 INFO: Генерация PDF из uploads/template_1_shablon_economica_2774.docx в static/previews/template_1_shablon_economica_2774.pdf
2025-04-05 00:38:31,907 INFO: PDF успешно создан: convert /home/x3ron/diplom/uploads/template_1_shablon_economica_2774.docx -> /home/x3ron/diplom/static/previews/template_1_shablon_economica_2774.pdf using filter : writer_pdf_Export

2025-04-05 00:38:31,915 INFO: Конвертация PDF static/previews/template_1_shablon_economica_2774.pdf в PNG static/previews/template_1_shablon_economica_2774.png
2025-04-05 00:38:32,335 INFO: PNG успешно создан: 
2025-04-05 00:38:32,381 INFO: Шаблон 'shablon_economica' успешно добавлен в базу данных
2025-04-05 00:40:00,811 INFO: Создание шаблона: title=sahsfdajk, title_page=титульныйвиталя.docx
2025-04-05 00:40:00,823 INFO: Файл титульной страницы сохранён: uploads/template_1_sahsfdajk_8158.docx
2025-04-05 00:40:00,823 INFO: Генерация PDF из uploads/template_1_sahsfdajk_8158.docx в static/previews/template_1_sahsfdajk_8158.pdf
2025-04-05 00:40:04,126 INFO: PDF успешно создан: convert /home/x3ron/diplom/uploads/template_1_sahsfdajk_8158.docx -> /home/x3ron/diplom/static/previews/template_1_sahsfdajk_8158.pdf using filter : writer_pdf_Export

2025-04-05 00:40:04,129 INFO: Конвертация PDF static/previews/template_1_sahsfdajk_8158.pdf в PNG static/previews/template_1_sahsfdajk_8158.png
2025-04-05 00:40:04,458 INFO: PNG успешно создан: 
2025-04-05 00:40:04,505 INFO: Шаблон 'sahsfdajk' успешно добавлен в базу данных
2025-04-05 01:05:24,681 INFO: Rendering edit page for doc_id=0
2025-04-05 01:07:17,540 INFO: Rendering edit page for doc_id=0
2025-04-05 01:07:20,174 INFO: POST request received for doc_id=0
2025-04-05 01:07:20,199 INFO: Created new document: id=20, title=123
2025-04-05 01:07:20,201 INFO: Saved XML to documents/1_123_2061.xml
2025-04-05 01:07:20,202 INFO: Redirecting to edit_document with doc_id=20
2025-04-05 01:07:20,241 INFO: Loaded existing document: id=20, title=123
2025-04-05 01:07:20,242 INFO: Rendering edit page for doc_id=20
2025-04-05 01:07:21,315 INFO: POST request received for doc_id=0
2025-04-05 01:07:21,340 INFO: Created new document: id=21, title=123
2025-04-05 01:07:21,342 INFO: Saved XML to documents/1_123_7914.xml
2025-04-05 01:07:21,342 INFO: Redirecting to edit_document with doc_id=21
2025-04-05 01:07:21,375 INFO: Loaded existing document: id=21, title=123
2025-04-05 01:07:21,376 INFO: Rendering edit page for doc_id=21
2025-04-05 01:07:23,627 INFO: Loaded existing document: id=21, title=123
2025-04-05 01:07:23,628 INFO: POST request received for doc_id=21
2025-04-05 01:07:23,628 INFO: Updating existing document: id=21, title=123
2025-04-05 01:07:23,631 INFO: Saved XML to documents/1_123_7914.xml
2025-04-05 01:07:23,632 INFO: Redirecting to edit_document with doc_id=21
2025-04-05 01:07:23,672 INFO: Loaded existing document: id=21, title=123
2025-04-05 01:07:23,673 INFO: Rendering edit page for doc_id=21
2025-04-05 01:07:23,706 INFO: Loaded existing document: id=21, title=123
2025-04-05 01:07:23,707 INFO: POST request received for doc_id=21
2025-04-05 01:07:23,707 INFO: Updating existing document: id=21, title=123
2025-04-05 01:07:23,711 INFO: Saved XML to documents/1_123_7914.xml
2025-04-05 01:07:23,711 INFO: Redirecting to edit_document with doc_id=21
2025-04-05 01:07:23,744 INFO: Loaded existing document: id=21, title=123
2025-04-05 01:07:23,744 INFO: POST request received for doc_id=21
2025-04-05 01:07:23,745 INFO: Updating existing document: id=21, title=123
2025-04-05 01:07:23,753 INFO: Saved XML to documents/1_123_7914.xml
2025-04-05 01:07:23,754 INFO: Redirecting to edit_document with doc_id=21
2025-04-05 01:07:23,764 INFO: Loaded existing document: id=21, title=123
2025-04-05 01:07:23,764 INFO: Rendering edit page for doc_id=21
2025-04-05 01:07:23,798 INFO: Loaded existing document: id=21, title=123
2025-04-05 01:07:23,798 INFO: Rendering edit page for doc_id=21
2025-04-05 01:07:24,570 INFO: Loaded existing document: id=21, title=123
2025-04-05 01:07:24,571 INFO: POST request received for doc_id=21
2025-04-05 01:07:24,571 INFO: Updating existing document: id=21, title=123
2025-04-05 01:07:24,575 INFO: Saved XML to documents/1_123_7914.xml
2025-04-05 01:07:24,658 INFO: Generated DOCX for document id=21
2025-04-08 17:17:53,238 ERROR: Exception on /login [GET]
Traceback (most recent call last):
  File "/home/x3ron/diplom/env/lib/python3.8/site-packages/flask/app.py", line 1473, in wsgi_app
    response = self.full_dispatch_request()
  File "/home/x3ron/diplom/env/lib/python3.8/site-packages/flask/app.py", line 882, in full_dispatch_request
    rv = self.handle_user_exception(e)
  File "/home/x3ron/diplom/env/lib/python3.8/site-packages/flask/app.py", line 880, in full_dispatch_request
    rv = self.dispatch_request()
  File "/home/x3ron/diplom/env/lib/python3.8/site-packages/flask/app.py", line 865, in dispatch_request
    return self.ensure_sync(self.view_functions[rule.endpoint])(**view_args)  # type: ignore[no-any-return]
  File "/home/x3ron/diplom/app.py", line 80, in login
    return render_template('login.html', templates=get_all_templates(), error=None)
  File "/home/x3ron/diplom/env/lib/python3.8/site-packages/flask/templating.py", line 150, in render_template
    return _render(app, template, context)
  File "/home/x3ron/diplom/env/lib/python3.8/site-packages/flask/templating.py", line 131, in _render
    rv = template.render(context)
  File "/home/x3ron/diplom/env/lib/python3.8/site-packages/jinja2/environment.py", line 1295, in render
    self.environment.handle_exception()
  File "/home/x3ron/diplom/env/lib/python3.8/site-packages/jinja2/environment.py", line 942, in handle_exception
    raise rewrite_traceback_stack(source=source)
  File "/home/x3ron/diplom/templates/login.html", line 30, in top-level template code
    <option value="{{ url_for('/', filename=template.preview_path) }}">{{ template.title }}</option>
  File "/home/x3ron/diplom/env/lib/python3.8/site-packages/flask/app.py", line 1084, in url_for
    return self.handle_url_build_error(error, endpoint, values)
  File "/home/x3ron/diplom/env/lib/python3.8/site-packages/flask/app.py", line 1073, in url_for
    rv = url_adapter.build(  # type: ignore[union-attr]
  File "/home/x3ron/diplom/env/lib/python3.8/site-packages/werkzeug/routing/map.py", line 924, in build
    raise BuildError(endpoint, values, method, self)
werkzeug.routing.exceptions.BuildError: Could not build url for endpoint '/' with values ['filename']. Did you mean 'static' instead?
2025-04-08 17:27:25,103 INFO: Loaded existing document: id=21, title=123
2025-04-08 17:27:25,104 INFO: Rendering edit page for doc_id=21
2025-04-08 17:31:06,138 INFO: [31m[1mWARNING: This is a development server. Do not use it in a production deployment. Use a production WSGI server instead.[0m
 * Running on all addresses (0.0.0.0)
 * Running on http://127.0.0.1:5770
 * Running on http://185.139.69.25:5770
2025-04-08 17:31:06,138 INFO: [33mPress CTRL+C to quit[0m
2025-04-08 17:31:06,539 INFO: 46.31.30.48 - - [08/Apr/2025 17:31:06] "[32mGET / HTTP/1.1[0m" 302 -
2025-04-08 17:31:06,571 INFO: 46.31.30.48 - - [08/Apr/2025 17:31:06] "GET /login HTTP/1.1" 200 -
2025-04-08 17:31:06,613 INFO: 46.31.30.48 - - [08/Apr/2025 17:31:06] "GET /static/css/style.css HTTP/1.1" 200 -
2025-04-08 17:31:07,040 INFO: 46.31.30.48 - - [08/Apr/2025 17:31:07] "[33mGET /favicon.ico HTTP/1.1[0m" 404 -
2025-04-08 17:31:14,309 INFO: 46.31.30.48 - - [08/Apr/2025 17:31:14] "GET /login HTTP/1.1" 200 -
2025-04-08 17:31:14,328 INFO: 46.31.30.48 - - [08/Apr/2025 17:31:14] "[36mGET /static/css/style.css HTTP/1.1[0m" 304 -
2025-04-08 17:31:31,423 INFO: [31m[1mWARNING: This is a development server. Do not use it in a production deployment. Use a production WSGI server instead.[0m
 * Running on all addresses (0.0.0.0)
 * Running on http://127.0.0.1:5770
 * Running on http://185.139.69.25:5770
2025-04-08 17:31:31,424 INFO: [33mPress CTRL+C to quit[0m
2025-04-08 17:31:34,015 INFO: 46.31.30.48 - - [08/Apr/2025 17:31:34] "GET /login HTTP/1.1" 200 -
2025-04-08 17:31:34,042 INFO: 46.31.30.48 - - [08/Apr/2025 17:31:34] "[36mGET /static/css/style.css HTTP/1.1[0m" 304 -
2025-04-08 17:31:47,406 INFO: 46.31.30.48 - - [08/Apr/2025 17:31:47] "POST /login HTTP/1.1" 200 -
2025-04-08 17:31:47,435 INFO: 46.31.30.48 - - [08/Apr/2025 17:31:47] "[36mGET /static/css/style.css HTTP/1.1[0m" 304 -
2025-04-08 17:33:13,266 INFO: [31m[1mWARNING: This is a development server. Do not use it in a production deployment. Use a production WSGI server instead.[0m
 * Running on all addresses (0.0.0.0)
 * Running on http://127.0.0.1:5770
 * Running on http://185.139.69.25:5770
2025-04-08 17:33:13,266 INFO: [33mPress CTRL+C to quit[0m
2025-04-08 17:38:06,786 INFO: Loaded existing document: id=21, title=123
2025-04-08 17:38:06,786 INFO: Rendering edit page for doc_id=21
2025-04-08 17:39:47,287 INFO: Loaded existing document: id=21, title=123
2025-04-08 17:39:47,288 INFO: POST request received for doc_id=21
2025-04-08 17:39:47,288 INFO: Updating existing document: id=21, title=123
2025-04-08 17:39:47,293 INFO: Saved XML to documents/1_123_7914.xml
2025-04-08 17:39:47,367 INFO: Generated DOCX for document id=21
2025-04-08 17:40:01,855 INFO: Loaded existing document: id=21, title=123
2025-04-08 17:40:01,855 INFO: Rendering edit page for doc_id=21
2025-04-08 17:40:05,318 INFO: Loaded existing document: id=21, title=123
2025-04-08 17:40:05,318 INFO: POST request received for doc_id=21
2025-04-08 17:40:05,319 INFO: Updating existing document: id=21, title=123
2025-04-08 17:40:05,323 INFO: Loaded existing document: id=21, title=123
2025-04-08 17:40:05,323 INFO: POST request received for doc_id=21
2025-04-08 17:40:05,323 INFO: Updating existing document: id=21, title=123
2025-04-08 17:40:05,327 INFO: Saved XML to documents/1_123_7914.xml
2025-04-08 17:40:05,327 INFO: Redirecting to edit_document with doc_id=21
2025-04-08 17:40:05,330 INFO: Saved XML to documents/1_123_7914.xml
2025-04-08 17:40:05,330 INFO: Redirecting to edit_document with doc_id=21
2025-04-08 17:40:05,382 INFO: Loaded existing document: id=21, title=123
2025-04-08 17:40:05,382 INFO: Rendering edit page for doc_id=21
2025-04-08 17:40:05,382 INFO: Loaded existing document: id=21, title=123
2025-04-08 17:40:05,383 INFO: Rendering edit page for doc_id=21
2025-04-08 17:40:06,932 INFO: Loaded existing document: id=21, title=123
2025-04-08 17:40:06,932 INFO: POST request received for doc_id=21
2025-04-08 17:40:06,932 INFO: Updating existing document: id=21, title=123
2025-04-08 17:40:06,938 INFO: Saved XML to documents/1_123_7914.xml
2025-04-08 17:40:06,939 INFO: Redirecting to edit_document with doc_id=21
2025-04-08 17:40:06,967 INFO: Loaded existing document: id=21, title=123
2025-04-08 17:40:06,967 INFO: Rendering edit page for doc_id=21
2025-04-08 17:40:07,034 INFO: Loaded existing document: id=21, title=123
2025-04-08 17:40:07,034 INFO: POST request received for doc_id=21
2025-04-08 17:40:07,034 INFO: Updating existing document: id=21, title=123
2025-04-08 17:40:07,047 INFO: Saved XML to documents/1_123_7914.xml
2025-04-08 17:40:07,047 INFO: Redirecting to edit_document with doc_id=21
2025-04-08 17:40:07,052 INFO: Loaded existing document: id=21, title=123
2025-04-08 17:40:07,052 INFO: POST request received for doc_id=21
2025-04-08 17:40:07,052 INFO: Updating existing document: id=21, title=123
2025-04-08 17:40:07,056 INFO: Saved XML to documents/1_123_7914.xml
2025-04-08 17:40:07,057 INFO: Redirecting to edit_document with doc_id=21
2025-04-08 17:40:07,076 INFO: Loaded existing document: id=21, title=123
2025-04-08 17:40:07,076 INFO: Rendering edit page for doc_id=21
2025-04-08 17:40:07,089 INFO: Loaded existing document: id=21, title=123
2025-04-08 17:40:07,090 INFO: Rendering edit page for doc_id=21
2025-04-08 17:40:07,513 INFO: Loaded existing document: id=21, title=123
2025-04-08 17:40:07,514 INFO: POST request received for doc_id=21
2025-04-08 17:40:07,514 INFO: Updating existing document: id=21, title=123
2025-04-08 17:40:07,520 INFO: Saved XML to documents/1_123_7914.xml
2025-04-08 17:40:07,520 INFO: Redirecting to edit_document with doc_id=21
2025-04-08 17:40:07,545 INFO: Loaded existing document: id=21, title=123
2025-04-08 17:40:07,545 INFO: Rendering edit page for doc_id=21
2025-04-08 17:40:07,581 INFO: Loaded existing document: id=21, title=123
2025-04-08 17:40:07,581 INFO: POST request received for doc_id=21
2025-04-08 17:40:07,581 INFO: Updating existing document: id=21, title=123
2025-04-08 17:40:07,587 INFO: Saved XML to documents/1_123_7914.xml
2025-04-08 17:40:07,587 INFO: Redirecting to edit_document with doc_id=21
2025-04-08 17:40:07,617 INFO: Loaded existing document: id=21, title=123
2025-04-08 17:40:07,617 INFO: POST request received for doc_id=21
2025-04-08 17:40:07,618 INFO: Updating existing document: id=21, title=123
2025-04-08 17:40:07,625 INFO: Saved XML to documents/1_123_7914.xml
2025-04-08 17:40:07,625 INFO: Redirecting to edit_document with doc_id=21
2025-04-08 17:40:07,627 INFO: Loaded existing document: id=21, title=123
2025-04-08 17:40:07,627 INFO: Rendering edit page for doc_id=21
2025-04-08 17:40:07,649 INFO: Loaded existing document: id=21, title=123
2025-04-08 17:40:07,650 INFO: Rendering edit page for doc_id=21
2025-04-08 17:40:14,158 INFO: Loaded existing document: id=21, title=123
2025-04-08 17:40:14,158 INFO: POST request received for doc_id=21
2025-04-08 17:40:14,158 INFO: Updating existing document: id=21, title=123
2025-04-08 17:40:14,162 INFO: Saved XML to documents/1_123_7914.xml
2025-04-08 17:40:14,222 INFO: Generated DOCX for document id=21
2025-04-08 17:40:17,685 INFO: Loaded existing document: id=21, title=123
2025-04-08 17:40:17,686 INFO: Rendering edit page for doc_id=21
2025-04-08 17:51:44,188 INFO: Loaded existing document: id=21, title=123
2025-04-08 17:51:44,190 INFO: Rendering edit page for doc_id=21
2025-04-08 17:51:46,387 INFO: Loaded existing document: id=21, title=123
2025-04-08 17:51:46,388 INFO: POST request received for doc_id=21
2025-04-08 17:51:46,388 INFO: Updating existing document: id=21, title=123
2025-04-08 17:51:46,392 INFO: Saved XML to documents/1_123_7914.xml
2025-04-08 17:51:46,472 INFO: Generated DOCX for document id=21
2025-04-08 17:55:59,318 INFO: Loaded existing document: id=21, title=123
2025-04-08 17:55:59,318 INFO: Rendering edit page for doc_id=21
2025-04-08 17:56:02,109 INFO: Loaded existing document: id=21, title=123
2025-04-08 17:56:02,109 INFO: POST request received for doc_id=21
2025-04-08 17:56:02,109 INFO: Updating existing document: id=21, title=123
2025-04-08 17:56:02,113 INFO: Saved XML to documents/1_123_7914.xml
2025-04-08 17:56:02,142 INFO: Generated DOCX for document id=21
2025-04-08 17:56:24,859 INFO: Loaded existing document: id=21, title=123
2025-04-08 17:56:24,860 INFO: POST request received for doc_id=21
2025-04-08 17:56:24,860 INFO: Updating existing document: id=21, title=123
2025-04-08 17:56:24,864 INFO: Saved XML to documents/1_123_7914.xml
2025-04-08 17:56:24,864 INFO: Redirecting to edit_document with doc_id=21
2025-04-08 17:56:24,886 INFO: Loaded existing document: id=21, title=123
2025-04-08 17:56:24,886 INFO: Rendering edit page for doc_id=21
2025-04-08 17:56:25,758 INFO: Loaded existing document: id=21, title=123
2025-04-08 17:56:25,759 INFO: POST request received for doc_id=21
2025-04-08 17:56:25,759 INFO: Updating existing document: id=21, title=123
2025-04-08 17:56:25,763 INFO: Saved XML to documents/1_123_7914.xml
2025-04-08 17:56:25,763 INFO: Redirecting to edit_document with doc_id=21
2025-04-08 17:56:25,787 INFO: Loaded existing document: id=21, title=123
2025-04-08 17:56:25,787 INFO: Rendering edit page for doc_id=21
2025-04-08 17:56:31,335 INFO: Loaded existing document: id=21, title=123
2025-04-08 17:56:31,335 INFO: Rendering edit page for doc_id=21
2025-04-08 17:56:32,813 INFO: Loaded existing document: id=21, title=123
2025-04-08 17:56:32,813 INFO: POST request received for doc_id=21
2025-04-08 17:56:32,813 INFO: Updating existing document: id=21, title=123
2025-04-08 17:56:32,816 INFO: Saved XML to documents/1_123_7914.xml
2025-04-08 17:56:32,844 INFO: Generated DOCX for document id=21
2025-04-08 17:56:43,859 INFO: Loaded existing document: id=21, title=123
2025-04-08 17:56:43,860 INFO: POST request received for doc_id=21
2025-04-08 17:56:43,860 INFO: Updating existing document: id=21, title=123
2025-04-08 17:56:43,860 INFO: Loaded existing document: id=21, title=123
2025-04-08 17:56:43,860 INFO: POST request received for doc_id=21
2025-04-08 17:56:43,860 INFO: Updating existing document: id=21, title=123
2025-04-08 17:56:43,863 INFO: Saved XML to documents/1_123_7914.xml
2025-04-08 17:56:43,864 INFO: Redirecting to edit_document with doc_id=21
2025-04-08 17:56:43,864 INFO: Saved XML to documents/1_123_7914.xml
2025-04-08 17:56:43,864 INFO: Redirecting to edit_document with doc_id=21
2025-04-08 17:56:43,887 INFO: Loaded existing document: id=21, title=123
2025-04-08 17:56:43,888 INFO: Rendering edit page for doc_id=21
2025-04-08 17:56:43,917 INFO: Loaded existing document: id=21, title=123
2025-04-08 17:56:43,917 INFO: Rendering edit page for doc_id=21
2025-04-08 17:56:44,965 INFO: Loaded existing document: id=21, title=123
2025-04-08 17:56:44,965 INFO: POST request received for doc_id=21
2025-04-08 17:56:44,965 INFO: Updating existing document: id=21, title=123
2025-04-08 17:56:44,966 INFO: Loaded existing document: id=21, title=123
2025-04-08 17:56:44,966 INFO: POST request received for doc_id=21
2025-04-08 17:56:44,966 INFO: Updating existing document: id=21, title=123
2025-04-08 17:56:44,969 INFO: Saved XML to documents/1_123_7914.xml
2025-04-08 17:56:44,969 INFO: Redirecting to edit_document with doc_id=21
2025-04-08 17:56:44,970 INFO: Saved XML to documents/1_123_7914.xml
2025-04-08 17:56:44,971 INFO: Redirecting to edit_document with doc_id=21
2025-04-08 17:56:44,993 INFO: Loaded existing document: id=21, title=123
2025-04-08 17:56:44,993 INFO: Rendering edit page for doc_id=21
2025-04-08 17:56:44,996 INFO: Loaded existing document: id=21, title=123
2025-04-08 17:56:44,997 INFO: Rendering edit page for doc_id=21
2025-04-08 17:56:48,607 INFO: Loaded existing document: id=21, title=123
2025-04-08 17:56:48,607 INFO: POST request received for doc_id=21
2025-04-08 17:56:48,607 INFO: Updating existing document: id=21, title=123
2025-04-08 17:56:48,610 INFO: Saved XML to documents/1_123_7914.xml
2025-04-08 17:56:48,610 INFO: Redirecting to edit_document with doc_id=21
2025-04-08 17:56:48,630 INFO: Loaded existing document: id=21, title=123
2025-04-08 17:56:48,630 INFO: Rendering edit page for doc_id=21
2025-04-08 17:56:49,855 INFO: Loaded existing document: id=21, title=123
2025-04-08 17:56:49,855 INFO: POST request received for doc_id=21
2025-04-08 17:56:49,856 INFO: Updating existing document: id=21, title=123
2025-04-08 17:56:49,858 INFO: Saved XML to documents/1_123_7914.xml
2025-04-08 17:56:49,889 INFO: Generated DOCX for document id=21
2025-04-08 17:57:05,490 INFO: Loaded existing document: id=21, title=123
2025-04-08 17:57:05,491 INFO: POST request received for doc_id=21
2025-04-08 17:57:05,491 INFO: Updating existing document: id=21, title=123
2025-04-08 17:57:05,494 INFO: Saved XML to documents/1_123_7914.xml
2025-04-08 17:57:05,494 INFO: Redirecting to edit_document with doc_id=21
2025-04-08 17:57:05,516 INFO: Loaded existing document: id=21, title=123
2025-04-08 17:57:05,516 INFO: Rendering edit page for doc_id=21
2025-04-08 17:57:06,319 INFO: Loaded existing document: id=21, title=123
2025-04-08 17:57:06,320 INFO: POST request received for doc_id=21
2025-04-08 17:57:06,320 INFO: Updating existing document: id=21, title=123
2025-04-08 17:57:06,323 INFO: Saved XML to documents/1_123_7914.xml
2025-04-08 17:57:06,323 INFO: Redirecting to edit_document with doc_id=21
2025-04-08 17:57:06,346 INFO: Loaded existing document: id=21, title=123
2025-04-08 17:57:06,347 INFO: Rendering edit page for doc_id=21
2025-04-08 17:57:08,494 INFO: Loaded existing document: id=21, title=123
2025-04-08 17:57:08,495 INFO: POST request received for doc_id=21
2025-04-08 17:57:08,495 INFO: Updating existing document: id=21, title=123
2025-04-08 17:57:08,499 INFO: Saved XML to documents/1_123_7914.xml
2025-04-08 17:57:08,499 INFO: Redirecting to edit_document with doc_id=21
2025-04-08 17:57:08,520 INFO: Loaded existing document: id=21, title=123
2025-04-08 17:57:08,520 INFO: Rendering edit page for doc_id=21
2025-04-08 17:57:09,098 INFO: Loaded existing document: id=21, title=123
2025-04-08 17:57:09,099 INFO: POST request received for doc_id=21
2025-04-08 17:57:09,099 INFO: Updating existing document: id=21, title=123
2025-04-08 17:57:09,102 INFO: Saved XML to documents/1_123_7914.xml
2025-04-08 17:57:09,102 INFO: Redirecting to edit_document with doc_id=21
2025-04-08 17:57:09,121 INFO: Loaded existing document: id=21, title=123
2025-04-08 17:57:09,121 INFO: Rendering edit page for doc_id=21
2025-04-08 17:57:10,671 INFO: Loaded existing document: id=21, title=123
2025-04-08 17:57:10,672 INFO: POST request received for doc_id=21
2025-04-08 17:57:10,672 INFO: Updating existing document: id=21, title=123
2025-04-08 17:57:10,674 INFO: Saved XML to documents/1_123_7914.xml
2025-04-08 17:57:10,674 INFO: Redirecting to edit_document with doc_id=21
2025-04-08 17:57:10,693 INFO: Loaded existing document: id=21, title=123
2025-04-08 17:57:10,694 INFO: Rendering edit page for doc_id=21
2025-04-08 17:57:12,765 INFO: Loaded existing document: id=21, title=123
2025-04-08 17:57:12,766 INFO: POST request received for doc_id=21
2025-04-08 17:57:12,766 INFO: Updating existing document: id=21, title=123
2025-04-08 17:57:12,769 INFO: Saved XML to documents/1_123_7914.xml
2025-04-08 17:57:12,800 INFO: Generated DOCX for document id=21
2025-04-08 17:57:23,025 INFO: Loaded existing document: id=21, title=123
2025-04-08 17:57:23,026 INFO: POST request received for doc_id=21
2025-04-08 17:57:23,026 INFO: Updating existing document: id=21, title=123
2025-04-08 17:57:23,032 INFO: Saved XML to documents/1_123_7914.xml
2025-04-08 17:57:23,032 INFO: Redirecting to edit_document with doc_id=21
2025-04-08 17:57:23,056 INFO: Loaded existing document: id=21, title=123
2025-04-08 17:57:23,056 INFO: Rendering edit page for doc_id=21
2025-04-08 17:57:27,495 INFO: Loaded existing document: id=21, title=123
2025-04-08 17:57:27,496 INFO: POST request received for doc_id=21
2025-04-08 17:57:27,496 INFO: Updating existing document: id=21, title=123
2025-04-08 17:57:27,499 INFO: Saved XML to documents/1_123_7914.xml
2025-04-08 17:57:27,499 INFO: Redirecting to edit_document with doc_id=21
2025-04-08 17:57:27,522 INFO: Loaded existing document: id=21, title=123
2025-04-08 17:57:27,523 INFO: Rendering edit page for doc_id=21
2025-04-08 17:57:32,095 INFO: Loaded existing document: id=21, title=123
2025-04-08 17:57:32,096 INFO: POST request received for doc_id=21
2025-04-08 17:57:32,096 INFO: Updating existing document: id=21, title=123
2025-04-08 17:57:32,097 INFO: Loaded existing document: id=21, title=123
2025-04-08 17:57:32,097 INFO: POST request received for doc_id=21
2025-04-08 17:57:32,097 INFO: Updating existing document: id=21, title=123
2025-04-08 17:57:32,100 INFO: Saved XML to documents/1_123_7914.xml
2025-04-08 17:57:32,100 INFO: Saved XML to documents/1_123_7914.xml
2025-04-08 17:57:32,100 INFO: Redirecting to edit_document with doc_id=21
2025-04-08 17:57:32,100 INFO: Redirecting to edit_document with doc_id=21
2025-04-08 17:57:32,123 INFO: Loaded existing document: id=21, title=123
2025-04-08 17:57:32,123 INFO: Rendering edit page for doc_id=21
2025-04-08 17:57:32,149 INFO: Loaded existing document: id=21, title=123
2025-04-08 17:57:32,149 INFO: Rendering edit page for doc_id=21
2025-04-08 17:57:38,235 INFO: Loaded existing document: id=21, title=123
2025-04-08 17:57:38,236 INFO: POST request received for doc_id=21
2025-04-08 17:57:38,236 INFO: Updating existing document: id=21, title=123
2025-04-08 17:57:38,238 INFO: Saved XML to documents/1_123_7914.xml
2025-04-08 17:57:38,239 INFO: Redirecting to edit_document with doc_id=21
2025-04-08 17:57:38,260 INFO: Loaded existing document: id=21, title=123
2025-04-08 17:57:38,260 INFO: Rendering edit page for doc_id=21
2025-04-08 17:57:38,571 INFO: Loaded existing document: id=21, title=123
2025-04-08 17:57:38,571 INFO: POST request received for doc_id=21
2025-04-08 17:57:38,571 INFO: Updating existing document: id=21, title=123
2025-04-08 17:57:38,574 INFO: Saved XML to documents/1_123_7914.xml
2025-04-08 17:57:38,574 INFO: Redirecting to edit_document with doc_id=21
2025-04-08 17:57:38,598 INFO: Loaded existing document: id=21, title=123
2025-04-08 17:57:38,599 INFO: Rendering edit page for doc_id=21
2025-04-08 17:57:38,756 INFO: Loaded existing document: id=21, title=123
2025-04-08 17:57:38,757 INFO: POST request received for doc_id=21
2025-04-08 17:57:38,757 INFO: Updating existing document: id=21, title=123
2025-04-08 17:57:38,760 INFO: Saved XML to documents/1_123_7914.xml
2025-04-08 17:57:38,760 INFO: Redirecting to edit_document with doc_id=21
2025-04-08 17:57:38,782 INFO: Loaded existing document: id=21, title=123
2025-04-08 17:57:38,782 INFO: Rendering edit page for doc_id=21
2025-04-08 17:57:38,901 INFO: Loaded existing document: id=21, title=123
2025-04-08 17:57:38,902 INFO: POST request received for doc_id=21
2025-04-08 17:57:38,902 INFO: Updating existing document: id=21, title=123
2025-04-08 17:57:38,904 INFO: Saved XML to documents/1_123_7914.xml
2025-04-08 17:57:38,904 INFO: Redirecting to edit_document with doc_id=21
2025-04-08 17:57:38,928 INFO: Loaded existing document: id=21, title=123
2025-04-08 17:57:38,928 INFO: Rendering edit page for doc_id=21
2025-04-08 17:57:39,069 INFO: Loaded existing document: id=21, title=123
2025-04-08 17:57:39,069 INFO: POST request received for doc_id=21
2025-04-08 17:57:39,069 INFO: Updating existing document: id=21, title=123
2025-04-08 17:57:39,072 INFO: Saved XML to documents/1_123_7914.xml
2025-04-08 17:57:39,072 INFO: Redirecting to edit_document with doc_id=21
2025-04-08 17:57:39,091 INFO: Loaded existing document: id=21, title=123
2025-04-08 17:57:39,092 INFO: Rendering edit page for doc_id=21
2025-04-08 17:57:44,921 INFO: Loaded existing document: id=21, title=123
2025-04-08 17:57:44,921 INFO: POST request received for doc_id=21
2025-04-08 17:57:44,921 INFO: Updating existing document: id=21, title=123
2025-04-08 17:57:44,925 INFO: Saved XML to documents/1_123_7914.xml
2025-04-08 17:57:44,925 INFO: Redirecting to edit_document with doc_id=21
2025-04-08 17:57:44,947 INFO: Loaded existing document: id=21, title=123
2025-04-08 17:57:44,948 INFO: Rendering edit page for doc_id=21
2025-04-08 17:57:46,984 INFO: Loaded existing document: id=21, title=123
2025-04-08 17:57:46,985 INFO: POST request received for doc_id=21
2025-04-08 17:57:46,985 INFO: Updating existing document: id=21, title=123
2025-04-08 17:57:46,993 INFO: Saved XML to documents/1_123_7914.xml
2025-04-08 17:57:46,994 INFO: Redirecting to edit_document with doc_id=21
2025-04-08 17:57:47,021 INFO: Loaded existing document: id=21, title=123
2025-04-08 17:57:47,021 INFO: Rendering edit page for doc_id=21
2025-04-08 17:57:47,222 INFO: Loaded existing document: id=21, title=123
2025-04-08 17:57:47,223 INFO: POST request received for doc_id=21
2025-04-08 17:57:47,223 INFO: Updating existing document: id=21, title=123
2025-04-08 17:57:47,227 INFO: Saved XML to documents/1_123_7914.xml
2025-04-08 17:57:47,227 INFO: Redirecting to edit_document with doc_id=21
2025-04-08 17:57:47,249 INFO: Loaded existing document: id=21, title=123
2025-04-08 17:57:47,249 INFO: Rendering edit page for doc_id=21
2025-04-08 17:57:47,289 INFO: Loaded existing document: id=21, title=123
2025-04-08 17:57:47,290 INFO: POST request received for doc_id=21
2025-04-08 17:57:47,290 INFO: Updating existing document: id=21, title=123
2025-04-08 17:57:47,293 INFO: Saved XML to documents/1_123_7914.xml
2025-04-08 17:57:47,293 INFO: Redirecting to edit_document with doc_id=21
2025-04-08 17:57:47,314 INFO: Loaded existing document: id=21, title=123
2025-04-08 17:57:47,315 INFO: Rendering edit page for doc_id=21
2025-04-08 17:57:47,426 INFO: Loaded existing document: id=21, title=123
2025-04-08 17:57:47,426 INFO: POST request received for doc_id=21
2025-04-08 17:57:47,427 INFO: Updating existing document: id=21, title=123
2025-04-08 17:57:47,431 INFO: Saved XML to documents/1_123_7914.xml
2025-04-08 17:57:47,432 INFO: Redirecting to edit_document with doc_id=21
2025-04-08 17:57:47,459 INFO: Loaded existing document: id=21, title=123
2025-04-08 17:57:47,460 INFO: Rendering edit page for doc_id=21
2025-04-08 17:57:47,469 INFO: Loaded existing document: id=21, title=123
2025-04-08 17:57:47,470 INFO: POST request received for doc_id=21
2025-04-08 17:57:47,470 INFO: Updating existing document: id=21, title=123
2025-04-08 17:57:47,473 INFO: Saved XML to documents/1_123_7914.xml
2025-04-08 17:57:47,473 INFO: Redirecting to edit_document with doc_id=21
2025-04-08 17:57:47,499 INFO: Loaded existing document: id=21, title=123
2025-04-08 17:57:47,499 INFO: Rendering edit page for doc_id=21
2025-04-08 17:57:47,570 INFO: Loaded existing document: id=21, title=123
2025-04-08 17:57:47,570 INFO: POST request received for doc_id=21
2025-04-08 17:57:47,570 INFO: Updating existing document: id=21, title=123
2025-04-08 17:57:47,575 INFO: Saved XML to documents/1_123_7914.xml
2025-04-08 17:57:47,575 INFO: Redirecting to edit_document with doc_id=21
2025-04-08 17:57:47,600 INFO: Loaded existing document: id=21, title=123
2025-04-08 17:57:47,601 INFO: Rendering edit page for doc_id=21
2025-04-08 17:57:48,689 INFO: Loaded existing document: id=21, title=123
2025-04-08 17:57:48,689 INFO: POST request received for doc_id=21
2025-04-08 17:57:48,689 INFO: Updating existing document: id=21, title=123
2025-04-08 17:57:48,693 INFO: Saved XML to documents/1_123_7914.xml
2025-04-08 17:57:48,693 INFO: Redirecting to edit_document with doc_id=21
2025-04-08 17:57:48,716 INFO: Loaded existing document: id=21, title=123
2025-04-08 17:57:48,717 INFO: Rendering edit page for doc_id=21
2025-04-08 17:57:48,749 INFO: Loaded existing document: id=21, title=123
2025-04-08 17:57:48,749 INFO: POST request received for doc_id=21
2025-04-08 17:57:48,750 INFO: Updating existing document: id=21, title=123
2025-04-08 17:57:48,752 INFO: Saved XML to documents/1_123_7914.xml
2025-04-08 17:57:48,752 INFO: Redirecting to edit_document with doc_id=21
2025-04-08 17:57:48,777 INFO: Loaded existing document: id=21, title=123
2025-04-08 17:57:48,778 INFO: Rendering edit page for doc_id=21
2025-04-08 17:57:48,940 INFO: Loaded existing document: id=21, title=123
2025-04-08 17:57:48,940 INFO: POST request received for doc_id=21
2025-04-08 17:57:48,941 INFO: Updating existing document: id=21, title=123
2025-04-08 17:57:48,943 INFO: Saved XML to documents/1_123_7914.xml
2025-04-08 17:57:48,943 INFO: Redirecting to edit_document with doc_id=21
2025-04-08 17:57:48,965 INFO: Loaded existing document: id=21, title=123
2025-04-08 17:57:48,965 INFO: Rendering edit page for doc_id=21
2025-04-08 17:57:49,028 INFO: Loaded existing document: id=21, title=123
2025-04-08 17:57:49,028 INFO: POST request received for doc_id=21
2025-04-08 17:57:49,028 INFO: Updating existing document: id=21, title=123
2025-04-08 17:57:49,031 INFO: Saved XML to documents/1_123_7914.xml
2025-04-08 17:57:49,031 INFO: Redirecting to edit_document with doc_id=21
2025-04-08 17:57:49,054 INFO: Loaded existing document: id=21, title=123
2025-04-08 17:57:49,054 INFO: Rendering edit page for doc_id=21
2025-04-08 17:57:49,118 INFO: Loaded existing document: id=21, title=123
2025-04-08 17:57:49,118 INFO: POST request received for doc_id=21
2025-04-08 17:57:49,118 INFO: Updating existing document: id=21, title=123
2025-04-08 17:57:49,124 INFO: Saved XML to documents/1_123_7914.xml
2025-04-08 17:57:49,124 INFO: Redirecting to edit_document with doc_id=21
2025-04-08 17:57:49,150 INFO: Loaded existing document: id=21, title=123
2025-04-08 17:57:49,151 INFO: Rendering edit page for doc_id=21
2025-04-08 17:57:49,184 INFO: Loaded existing document: id=21, title=123
2025-04-08 17:57:49,184 INFO: POST request received for doc_id=21
2025-04-08 17:57:49,184 INFO: Updating existing document: id=21, title=123
2025-04-08 17:57:49,187 INFO: Saved XML to documents/1_123_7914.xml
2025-04-08 17:57:49,187 INFO: Redirecting to edit_document with doc_id=21
2025-04-08 17:57:49,212 INFO: Loaded existing document: id=21, title=123
2025-04-08 17:57:49,212 INFO: Rendering edit page for doc_id=21
2025-04-08 17:57:49,357 INFO: Loaded existing document: id=21, title=123
2025-04-08 17:57:49,358 INFO: POST request received for doc_id=21
2025-04-08 17:57:49,358 INFO: Updating existing document: id=21, title=123
2025-04-08 17:57:49,361 INFO: Saved XML to documents/1_123_7914.xml
2025-04-08 17:57:49,361 INFO: Redirecting to edit_document with doc_id=21
2025-04-08 17:57:49,386 INFO: Loaded existing document: id=21, title=123
2025-04-08 17:57:49,386 INFO: Rendering edit page for doc_id=21
2025-04-08 17:57:49,467 INFO: Loaded existing document: id=21, title=123
2025-04-08 17:57:49,468 INFO: POST request received for doc_id=21
2025-04-08 17:57:49,468 INFO: Updating existing document: id=21, title=123
2025-04-08 17:57:49,473 INFO: Saved XML to documents/1_123_7914.xml
2025-04-08 17:57:49,473 INFO: Redirecting to edit_document with doc_id=21
2025-04-08 17:57:49,495 INFO: Loaded existing document: id=21, title=123
2025-04-08 17:57:49,495 INFO: Rendering edit page for doc_id=21
2025-04-08 17:57:49,527 INFO: Loaded existing document: id=21, title=123
2025-04-08 17:57:49,527 INFO: POST request received for doc_id=21
2025-04-08 17:57:49,527 INFO: Updating existing document: id=21, title=123
2025-04-08 17:57:49,530 INFO: Saved XML to documents/1_123_7914.xml
2025-04-08 17:57:49,530 INFO: Redirecting to edit_document with doc_id=21
2025-04-08 17:57:49,559 INFO: Loaded existing document: id=21, title=123
2025-04-08 17:57:49,560 INFO: Rendering edit page for doc_id=21
2025-04-08 17:57:49,615 INFO: Loaded existing document: id=21, title=123
2025-04-08 17:57:49,615 INFO: POST request received for doc_id=21
2025-04-08 17:57:49,615 INFO: Updating existing document: id=21, title=123
2025-04-08 17:57:49,618 INFO: Saved XML to documents/1_123_7914.xml
2025-04-08 17:57:49,618 INFO: Redirecting to edit_document with doc_id=21
2025-04-08 17:57:49,645 INFO: Loaded existing document: id=21, title=123
2025-04-08 17:57:49,645 INFO: Rendering edit page for doc_id=21
2025-04-08 17:57:49,728 INFO: Loaded existing document: id=21, title=123
2025-04-08 17:57:49,728 INFO: POST request received for doc_id=21
2025-04-08 17:57:49,728 INFO: Updating existing document: id=21, title=123
2025-04-08 17:57:49,731 INFO: Saved XML to documents/1_123_7914.xml
2025-04-08 17:57:49,731 INFO: Redirecting to edit_document with doc_id=21
2025-04-08 17:57:49,752 INFO: Loaded existing document: id=21, title=123
2025-04-08 17:57:49,752 INFO: Rendering edit page for doc_id=21
2025-04-08 17:57:49,846 INFO: Loaded existing document: id=21, title=123
2025-04-08 17:57:49,846 INFO: POST request received for doc_id=21
2025-04-08 17:57:49,846 INFO: Updating existing document: id=21, title=123
2025-04-08 17:57:49,850 INFO: Saved XML to documents/1_123_7914.xml
2025-04-08 17:57:49,850 INFO: Redirecting to edit_document with doc_id=21
2025-04-08 17:57:49,872 INFO: Loaded existing document: id=21, title=123
2025-04-08 17:57:49,872 INFO: Rendering edit page for doc_id=21
2025-04-08 17:57:49,955 INFO: Loaded existing document: id=21, title=123
2025-04-08 17:57:49,955 INFO: POST request received for doc_id=21
2025-04-08 17:57:49,956 INFO: Updating existing document: id=21, title=123
2025-04-08 17:57:49,958 INFO: Saved XML to documents/1_123_7914.xml
2025-04-08 17:57:49,958 INFO: Redirecting to edit_document with doc_id=21
2025-04-08 17:57:49,977 INFO: Loaded existing document: id=21, title=123
2025-04-08 17:57:49,977 INFO: Rendering edit page for doc_id=21
2025-04-08 17:57:49,998 INFO: Loaded existing document: id=21, title=123
2025-04-08 17:57:49,999 INFO: POST request received for doc_id=21
2025-04-08 17:57:49,999 INFO: Updating existing document: id=21, title=123
2025-04-08 17:57:50,001 INFO: Saved XML to documents/1_123_7914.xml
2025-04-08 17:57:50,001 INFO: Redirecting to edit_document with doc_id=21
2025-04-08 17:57:50,036 INFO: Loaded existing document: id=21, title=123
2025-04-08 17:57:50,036 INFO: Rendering edit page for doc_id=21
2025-04-08 17:57:50,069 INFO: Loaded existing document: id=21, title=123
2025-04-08 17:57:50,069 INFO: POST request received for doc_id=21
2025-04-08 17:57:50,069 INFO: Updating existing document: id=21, title=123
2025-04-08 17:57:50,072 INFO: Saved XML to documents/1_123_7914.xml
2025-04-08 17:57:50,072 INFO: Redirecting to edit_document with doc_id=21
2025-04-08 17:57:50,094 INFO: Loaded existing document: id=21, title=123
2025-04-08 17:57:50,094 INFO: Rendering edit page for doc_id=21
2025-04-08 17:57:50,224 INFO: Loaded existing document: id=21, title=123
2025-04-08 17:57:50,224 INFO: POST request received for doc_id=21
2025-04-08 17:57:50,224 INFO: Updating existing document: id=21, title=123
2025-04-08 17:57:50,228 INFO: Saved XML to documents/1_123_7914.xml
2025-04-08 17:57:50,228 INFO: Redirecting to edit_document with doc_id=21
2025-04-08 17:57:50,249 INFO: Loaded existing document: id=21, title=123
2025-04-08 17:57:50,249 INFO: Rendering edit page for doc_id=21
2025-04-08 17:57:50,275 INFO: Loaded existing document: id=21, title=123
2025-04-08 17:57:50,275 INFO: POST request received for doc_id=21
2025-04-08 17:57:50,275 INFO: Updating existing document: id=21, title=123
2025-04-08 17:57:50,277 INFO: Saved XML to documents/1_123_7914.xml
2025-04-08 17:57:50,278 INFO: Redirecting to edit_document with doc_id=21
2025-04-08 17:57:50,297 INFO: Loaded existing document: id=21, title=123
2025-04-08 17:57:50,298 INFO: POST request received for doc_id=21
2025-04-08 17:57:50,298 INFO: Updating existing document: id=21, title=123
2025-04-08 17:57:50,301 INFO: Saved XML to documents/1_123_7914.xml
2025-04-08 17:57:50,301 INFO: Redirecting to edit_document with doc_id=21
2025-04-08 17:57:50,318 INFO: Loaded existing document: id=21, title=123
2025-04-08 17:57:50,318 INFO: Rendering edit page for doc_id=21
2025-04-08 17:57:50,333 INFO: Loaded existing document: id=21, title=123
2025-04-08 17:57:50,333 INFO: Rendering edit page for doc_id=21
2025-04-08 17:57:52,317 INFO: Loaded existing document: id=21, title=123
2025-04-08 17:57:52,318 INFO: POST request received for doc_id=21
2025-04-08 17:57:52,318 INFO: Updating existing document: id=21, title=123
2025-04-08 17:57:52,322 INFO: Saved XML to documents/1_123_7914.xml
2025-04-08 17:57:52,322 INFO: Redirecting to edit_document with doc_id=21
2025-04-08 17:57:52,347 INFO: Loaded existing document: id=21, title=123
2025-04-08 17:57:52,348 INFO: Rendering edit page for doc_id=21
2025-04-08 17:57:52,563 INFO: Loaded existing document: id=21, title=123
2025-04-08 17:57:52,563 INFO: POST request received for doc_id=21
2025-04-08 17:57:52,563 INFO: Updating existing document: id=21, title=123
2025-04-08 17:57:52,566 INFO: Saved XML to documents/1_123_7914.xml
2025-04-08 17:57:52,566 INFO: Redirecting to edit_document with doc_id=21
2025-04-08 17:57:52,586 INFO: Loaded existing document: id=21, title=123
2025-04-08 17:57:52,586 INFO: Rendering edit page for doc_id=21
2025-04-08 17:57:55,714 INFO: Loaded existing document: id=21, title=123
2025-04-08 17:57:55,715 INFO: POST request received for doc_id=21
2025-04-08 17:57:55,715 INFO: Updating existing document: id=21, title=123
2025-04-08 17:57:55,721 INFO: Saved XML to documents/1_123_7914.xml
2025-04-08 17:57:55,721 INFO: Redirecting to edit_document with doc_id=21
2025-04-08 17:57:55,744 INFO: Loaded existing document: id=21, title=123
2025-04-08 17:57:55,744 INFO: Rendering edit page for doc_id=21
2025-04-08 17:57:55,883 INFO: Loaded existing document: id=21, title=123
2025-04-08 17:57:55,883 INFO: POST request received for doc_id=21
2025-04-08 17:57:55,883 INFO: Updating existing document: id=21, title=123
2025-04-08 17:57:55,886 INFO: Saved XML to documents/1_123_7914.xml
2025-04-08 17:57:55,887 INFO: Redirecting to edit_document with doc_id=21
2025-04-08 17:57:55,909 INFO: Loaded existing document: id=21, title=123
2025-04-08 17:57:55,909 INFO: Rendering edit page for doc_id=21
2025-04-08 17:57:56,037 INFO: Loaded existing document: id=21, title=123
2025-04-08 17:57:56,037 INFO: POST request received for doc_id=21
2025-04-08 17:57:56,037 INFO: Updating existing document: id=21, title=123
2025-04-08 17:57:56,040 INFO: Saved XML to documents/1_123_7914.xml
2025-04-08 17:57:56,040 INFO: Redirecting to edit_document with doc_id=21
2025-04-08 17:57:56,064 INFO: Loaded existing document: id=21, title=123
2025-04-08 17:57:56,064 INFO: Rendering edit page for doc_id=21
2025-04-08 17:57:56,193 INFO: Loaded existing document: id=21, title=123
2025-04-08 17:57:56,193 INFO: POST request received for doc_id=21
2025-04-08 17:57:56,193 INFO: Updating existing document: id=21, title=123
2025-04-08 17:57:56,198 INFO: Saved XML to documents/1_123_7914.xml
2025-04-08 17:57:56,201 INFO: Redirecting to edit_document with doc_id=21
2025-04-08 17:57:56,222 INFO: Loaded existing document: id=21, title=123
2025-04-08 17:57:56,223 INFO: Rendering edit page for doc_id=21
2025-04-08 17:57:56,836 INFO: Loaded existing document: id=21, title=123
2025-04-08 17:57:56,837 INFO: POST request received for doc_id=21
2025-04-08 17:57:56,837 INFO: Updating existing document: id=21, title=123
2025-04-08 17:57:56,839 INFO: Saved XML to documents/1_123_7914.xml
2025-04-08 17:57:56,840 INFO: Redirecting to edit_document with doc_id=21
2025-04-08 17:57:56,861 INFO: Loaded existing document: id=21, title=123
2025-04-08 17:57:56,862 INFO: Rendering edit page for doc_id=21
2025-04-08 17:57:57,017 INFO: Loaded existing document: id=21, title=123
2025-04-08 17:57:57,018 INFO: POST request received for doc_id=21
2025-04-08 17:57:57,018 INFO: Updating existing document: id=21, title=123
2025-04-08 17:57:57,023 INFO: Saved XML to documents/1_123_7914.xml
2025-04-08 17:57:57,023 INFO: Redirecting to edit_document with doc_id=21
2025-04-08 17:57:57,047 INFO: Loaded existing document: id=21, title=123
2025-04-08 17:57:57,047 INFO: Rendering edit page for doc_id=21
2025-04-08 17:57:57,186 INFO: Loaded existing document: id=21, title=123
2025-04-08 17:57:57,186 INFO: POST request received for doc_id=21
2025-04-08 17:57:57,186 INFO: Updating existing document: id=21, title=123
2025-04-08 17:57:57,190 INFO: Saved XML to documents/1_123_7914.xml
2025-04-08 17:57:57,190 INFO: Redirecting to edit_document with doc_id=21
2025-04-08 17:57:57,211 INFO: Loaded existing document: id=21, title=123
2025-04-08 17:57:57,212 INFO: Rendering edit page for doc_id=21
2025-04-08 17:57:57,352 INFO: Loaded existing document: id=21, title=123
2025-04-08 17:57:57,353 INFO: POST request received for doc_id=21
2025-04-08 17:57:57,353 INFO: Updating existing document: id=21, title=123
2025-04-08 17:57:57,356 INFO: Saved XML to documents/1_123_7914.xml
2025-04-08 17:57:57,356 INFO: Redirecting to edit_document with doc_id=21
2025-04-08 17:57:57,380 INFO: Loaded existing document: id=21, title=123
2025-04-08 17:57:57,380 INFO: Rendering edit page for doc_id=21
2025-04-08 17:57:57,526 INFO: Loaded existing document: id=21, title=123
2025-04-08 17:57:57,526 INFO: POST request received for doc_id=21
2025-04-08 17:57:57,526 INFO: Updating existing document: id=21, title=123
2025-04-08 17:57:57,529 INFO: Saved XML to documents/1_123_7914.xml
2025-04-08 17:57:57,529 INFO: Redirecting to edit_document with doc_id=21
2025-04-08 17:57:57,550 INFO: Loaded existing document: id=21, title=123
2025-04-08 17:57:57,551 INFO: Rendering edit page for doc_id=21
2025-04-08 17:57:57,687 INFO: Loaded existing document: id=21, title=123
2025-04-08 17:57:57,688 INFO: POST request received for doc_id=21
2025-04-08 17:57:57,688 INFO: Updating existing document: id=21, title=123
2025-04-08 17:57:57,691 INFO: Saved XML to documents/1_123_7914.xml
2025-04-08 17:57:57,691 INFO: Redirecting to edit_document with doc_id=21
2025-04-08 17:57:57,722 INFO: Loaded existing document: id=21, title=123
2025-04-08 17:57:57,722 INFO: Rendering edit page for doc_id=21
2025-04-08 17:57:57,854 INFO: Loaded existing document: id=21, title=123
2025-04-08 17:57:57,854 INFO: POST request received for doc_id=21
2025-04-08 17:57:57,854 INFO: Updating existing document: id=21, title=123
2025-04-08 17:57:57,859 INFO: Saved XML to documents/1_123_7914.xml
2025-04-08 17:57:57,859 INFO: Redirecting to edit_document with doc_id=21
2025-04-08 17:57:57,878 INFO: Loaded existing document: id=21, title=123
2025-04-08 17:57:57,878 INFO: Rendering edit page for doc_id=21
2025-04-08 17:57:58,040 INFO: Loaded existing document: id=21, title=123
2025-04-08 17:57:58,040 INFO: POST request received for doc_id=21
2025-04-08 17:57:58,040 INFO: Updating existing document: id=21, title=123
2025-04-08 17:57:58,043 INFO: Saved XML to documents/1_123_7914.xml
2025-04-08 17:57:58,043 INFO: Redirecting to edit_document with doc_id=21
2025-04-08 17:57:58,069 INFO: Loaded existing document: id=21, title=123
2025-04-08 17:57:58,069 INFO: Rendering edit page for doc_id=21
2025-04-08 17:57:58,949 INFO: Loaded existing document: id=21, title=123
2025-04-08 17:57:58,949 INFO: POST request received for doc_id=21
2025-04-08 17:57:58,949 INFO: Updating existing document: id=21, title=123
2025-04-08 17:57:58,952 INFO: Saved XML to documents/1_123_7914.xml
2025-04-08 17:57:58,978 INFO: Generated DOCX for document id=21
2025-04-08 17:58:14,608 INFO: Loaded existing document: id=21, title=123
2025-04-08 17:58:14,609 INFO: POST request received for doc_id=21
2025-04-08 17:58:14,609 INFO: Updating existing document: id=21, title=123
2025-04-08 17:58:14,614 INFO: Saved XML to documents/1_123_7914.xml
2025-04-08 17:58:14,614 INFO: Redirecting to edit_document with doc_id=21
2025-04-08 17:58:14,637 INFO: Loaded existing document: id=21, title=123
2025-04-08 17:58:14,637 INFO: Rendering edit page for doc_id=21
2025-04-08 17:58:16,933 INFO: Loaded existing document: id=21, title=123
2025-04-08 17:58:16,934 INFO: POST request received for doc_id=21
2025-04-08 17:58:16,934 INFO: Updating existing document: id=21, title=123
2025-04-08 17:58:16,937 INFO: Saved XML to documents/1_123_7914.xml
2025-04-08 17:58:16,937 INFO: Redirecting to edit_document with doc_id=21
2025-04-08 17:58:16,958 INFO: Loaded existing document: id=21, title=123
2025-04-08 17:58:16,958 INFO: Rendering edit page for doc_id=21
2025-04-08 17:58:23,136 INFO: Loaded existing document: id=21, title=123
2025-04-08 17:58:23,136 INFO: POST request received for doc_id=21
2025-04-08 17:58:23,137 INFO: Updating existing document: id=21, title=123
2025-04-08 17:58:23,139 INFO: Saved XML to documents/1_123_7914.xml
2025-04-08 17:58:23,139 INFO: Redirecting to edit_document with doc_id=21
2025-04-08 17:58:23,140 INFO: Loaded existing document: id=21, title=123
2025-04-08 17:58:23,141 INFO: POST request received for doc_id=21
2025-04-08 17:58:23,141 INFO: Updating existing document: id=21, title=123
2025-04-08 17:58:23,145 INFO: Saved XML to documents/1_123_7914.xml
2025-04-08 17:58:23,145 INFO: Redirecting to edit_document with doc_id=21
2025-04-08 17:58:23,162 INFO: Loaded existing document: id=21, title=123
2025-04-08 17:58:23,163 INFO: Rendering edit page for doc_id=21
2025-04-08 17:58:23,171 INFO: Loaded existing document: id=21, title=123
2025-04-08 17:58:23,172 INFO: Rendering edit page for doc_id=21
2025-04-08 17:58:26,642 INFO: Loaded existing document: id=21, title=123
2025-04-08 17:58:26,643 INFO: POST request received for doc_id=21
2025-04-08 17:58:26,643 INFO: Updating existing document: id=21, title=123
2025-04-08 17:58:26,646 INFO: Saved XML to documents/1_123_7914.xml
2025-04-08 17:58:26,646 INFO: Redirecting to edit_document with doc_id=21
2025-04-08 17:58:26,667 INFO: Loaded existing document: id=21, title=123
2025-04-08 17:58:26,667 INFO: Rendering edit page for doc_id=21
2025-04-08 17:58:28,521 INFO: Loaded existing document: id=21, title=123
2025-04-08 17:58:28,521 INFO: POST request received for doc_id=21
2025-04-08 17:58:28,522 INFO: Updating existing document: id=21, title=123
2025-04-08 17:58:28,525 INFO: Saved XML to documents/1_123_7914.xml
2025-04-08 17:58:28,525 INFO: Redirecting to edit_document with doc_id=21
2025-04-08 17:58:28,544 INFO: Loaded existing document: id=21, title=123
2025-04-08 17:58:28,545 INFO: Rendering edit page for doc_id=21
2025-04-08 17:58:31,606 INFO: Loaded existing document: id=21, title=123
2025-04-08 17:58:31,606 INFO: POST request received for doc_id=21
2025-04-08 17:58:31,606 INFO: Updating existing document: id=21, title=123
2025-04-08 17:58:31,610 INFO: Saved XML to documents/1_123_7914.xml
2025-04-08 17:58:31,610 INFO: Redirecting to edit_document with doc_id=21
2025-04-08 17:58:31,632 INFO: Loaded existing document: id=21, title=123
2025-04-08 17:58:31,632 INFO: Rendering edit page for doc_id=21
2025-04-08 18:03:06,726 INFO: Rendering edit page for doc_id=0
2025-04-08 18:03:13,749 INFO: Rendering edit page for doc_id=0
2025-04-08 18:03:22,903 INFO: Loaded existing document: id=21, title=123
2025-04-08 18:03:22,904 INFO: Rendering edit page for doc_id=21
2025-04-08 18:53:00,396 INFO: Loaded existing document: id=21, title=123
2025-04-08 18:53:00,400 INFO: Rendering edit page for doc_id=21
2025-04-08 18:53:02,441 INFO: Loaded existing document: id=21, title=123
2025-04-08 18:53:02,442 INFO: POST request received for doc_id=21
2025-04-08 18:53:02,442 INFO: Updating existing document: id=21, title=123
2025-04-08 18:53:02,448 INFO: Saved XML to documents/1_123_7914.xml
2025-04-08 18:53:02,448 INFO: Redirecting to edit_document with doc_id=21
2025-04-08 18:53:02,477 INFO: Loaded existing document: id=21, title=123
2025-04-08 18:53:02,478 INFO: Rendering edit page for doc_id=21
2025-04-08 18:53:02,532 INFO: Loaded existing document: id=21, title=123
2025-04-08 18:53:02,532 INFO: POST request received for doc_id=21
2025-04-08 18:53:02,533 INFO: Updating existing document: id=21, title=123
2025-04-08 18:53:02,535 INFO: Saved XML to documents/1_123_7914.xml
2025-04-08 18:53:02,535 INFO: Redirecting to edit_document with doc_id=21
2025-04-08 18:53:02,558 INFO: Loaded existing document: id=21, title=123
2025-04-08 18:53:02,559 INFO: Rendering edit page for doc_id=21
2025-04-08 18:53:02,612 INFO: Loaded existing document: id=21, title=123
2025-04-08 18:53:02,612 INFO: POST request received for doc_id=21
2025-04-08 18:53:02,612 INFO: Updating existing document: id=21, title=123
2025-04-08 18:53:02,615 INFO: Saved XML to documents/1_123_7914.xml
2025-04-08 18:53:02,615 INFO: Redirecting to edit_document with doc_id=21
2025-04-08 18:53:02,637 INFO: Loaded existing document: id=21, title=123
2025-04-08 18:53:02,638 INFO: Rendering edit page for doc_id=21
2025-04-08 18:53:02,673 INFO: Loaded existing document: id=21, title=123
2025-04-08 18:53:02,674 INFO: POST request received for doc_id=21
2025-04-08 18:53:02,674 INFO: Updating existing document: id=21, title=123
2025-04-08 18:53:02,678 INFO: Saved XML to documents/1_123_7914.xml
2025-04-08 18:53:02,678 INFO: Redirecting to edit_document with doc_id=21
2025-04-08 18:53:02,699 INFO: Loaded existing document: id=21, title=123
2025-04-08 18:53:02,700 INFO: Rendering edit page for doc_id=21
2025-04-08 18:53:02,770 INFO: Loaded existing document: id=21, title=123
2025-04-08 18:53:02,770 INFO: POST request received for doc_id=21
2025-04-08 18:53:02,770 INFO: Updating existing document: id=21, title=123
2025-04-08 18:53:02,773 INFO: Saved XML to documents/1_123_7914.xml
2025-04-08 18:53:02,773 INFO: Redirecting to edit_document with doc_id=21
2025-04-08 18:53:02,808 INFO: Loaded existing document: id=21, title=123
2025-04-08 18:53:02,809 INFO: Rendering edit page for doc_id=21
2025-04-08 18:53:02,826 INFO: Loaded existing document: id=21, title=123
2025-04-08 18:53:02,826 INFO: POST request received for doc_id=21
2025-04-08 18:53:02,826 INFO: Updating existing document: id=21, title=123
2025-04-08 18:53:02,829 INFO: Saved XML to documents/1_123_7914.xml
2025-04-08 18:53:02,829 INFO: Redirecting to edit_document with doc_id=21
2025-04-08 18:53:02,852 INFO: Loaded existing document: id=21, title=123
2025-04-08 18:53:02,852 INFO: Rendering edit page for doc_id=21
2025-04-08 18:53:02,931 INFO: Loaded existing document: id=21, title=123
2025-04-08 18:53:02,931 INFO: POST request received for doc_id=21
2025-04-08 18:53:02,931 INFO: Updating existing document: id=21, title=123
2025-04-08 18:53:02,935 INFO: Saved XML to documents/1_123_7914.xml
2025-04-08 18:53:02,935 INFO: Redirecting to edit_document with doc_id=21
2025-04-08 18:53:02,944 INFO: Loaded existing document: id=21, title=123
2025-04-08 18:53:02,944 INFO: POST request received for doc_id=21
2025-04-08 18:53:02,944 INFO: Updating existing document: id=21, title=123
2025-04-08 18:53:02,947 INFO: Saved XML to documents/1_123_7914.xml
2025-04-08 18:53:02,947 INFO: Redirecting to edit_document with doc_id=21
2025-04-08 18:53:02,967 INFO: Loaded existing document: id=21, title=123
2025-04-08 18:53:02,967 INFO: Rendering edit page for doc_id=21
2025-04-08 18:53:02,969 INFO: Loaded existing document: id=21, title=123
2025-04-08 18:53:02,969 INFO: Rendering edit page for doc_id=21
2025-04-08 18:53:05,480 INFO: Loaded existing document: id=21, title=123
2025-04-08 18:53:05,480 INFO: Rendering edit page for doc_id=21
2025-04-08 18:56:11,480 INFO: Loaded existing document: id=21, title=123
2025-04-08 18:56:11,482 INFO: Rendering edit page for doc_id=21
2025-04-08 18:56:13,865 INFO: Loaded existing document: id=21, title=123
2025-04-08 18:56:13,866 INFO: POST request received for doc_id=21
2025-04-08 18:56:13,866 INFO: Updating existing document: id=21, title=123
2025-04-08 18:56:13,870 INFO: Saved XML to documents/1_123_7914.xml
2025-04-08 18:56:13,870 INFO: Redirecting to edit_document with doc_id=21
2025-04-08 18:56:13,898 INFO: Loaded existing document: id=21, title=123
2025-04-08 18:56:13,899 INFO: Rendering edit page for doc_id=21
2025-04-08 18:56:14,885 INFO: Loaded existing document: id=21, title=123
2025-04-08 18:56:14,886 INFO: Rendering edit page for doc_id=21
2025-04-08 18:56:16,321 INFO: Loaded existing document: id=21, title=123
2025-04-08 18:56:16,321 INFO: POST request received for doc_id=21
2025-04-08 18:56:16,322 INFO: Updating existing document: id=21, title=123
2025-04-08 18:56:16,324 INFO: Loaded existing document: id=21, title=123
2025-04-08 18:56:16,324 INFO: POST request received for doc_id=21
2025-04-08 18:56:16,324 INFO: Updating existing document: id=21, title=123
2025-04-08 18:56:16,326 INFO: Saved XML to documents/1_123_7914.xml
2025-04-08 18:56:16,326 INFO: Redirecting to edit_document with doc_id=21
2025-04-08 18:56:16,329 INFO: Saved XML to documents/1_123_7914.xml
2025-04-08 18:56:16,329 INFO: Redirecting to edit_document with doc_id=21
2025-04-08 18:56:16,352 INFO: Loaded existing document: id=21, title=123
2025-04-08 18:56:16,352 INFO: Rendering edit page for doc_id=21
2025-04-08 18:56:16,358 INFO: Loaded existing document: id=21, title=123
2025-04-08 18:56:16,359 INFO: Rendering edit page for doc_id=21
2025-04-08 18:56:17,292 INFO: Loaded existing document: id=21, title=123
2025-04-08 18:56:17,292 INFO: POST request received for doc_id=21
2025-04-08 18:56:17,293 INFO: Updating existing document: id=21, title=123
2025-04-08 18:56:17,295 INFO: Saved XML to documents/1_123_7914.xml
2025-04-08 18:56:17,295 INFO: Redirecting to edit_document with doc_id=21
2025-04-08 18:56:17,320 INFO: Loaded existing document: id=21, title=123
2025-04-08 18:56:17,320 INFO: Rendering edit page for doc_id=21
2025-04-08 18:56:18,627 INFO: Loaded existing document: id=21, title=123
2025-04-08 18:56:18,628 INFO: Rendering edit page for doc_id=21
2025-04-08 18:56:25,484 INFO: Loaded existing document: id=21, title=123
2025-04-08 18:56:25,484 INFO: POST request received for doc_id=21
2025-04-08 18:56:25,484 INFO: Updating existing document: id=21, title=123
2025-04-08 18:56:25,487 INFO: Loaded existing document: id=21, title=123
2025-04-08 18:56:25,487 INFO: POST request received for doc_id=21
2025-04-08 18:56:25,487 INFO: Updating existing document: id=21, title=123
2025-04-08 18:56:25,491 INFO: Saved XML to documents/1_123_7914.xml
2025-04-08 18:56:25,492 INFO: Redirecting to edit_document with doc_id=21
2025-04-08 18:56:25,495 INFO: Saved XML to documents/1_123_7914.xml
2025-04-08 18:56:25,496 INFO: Redirecting to edit_document with doc_id=21
2025-04-08 18:56:25,520 INFO: Loaded existing document: id=21, title=123
2025-04-08 18:56:25,520 INFO: Rendering edit page for doc_id=21
2025-04-08 18:56:25,526 INFO: Loaded existing document: id=21, title=123
2025-04-08 18:56:25,527 INFO: Rendering edit page for doc_id=21
2025-04-08 18:56:27,462 INFO: Loaded existing document: id=21, title=123
2025-04-08 18:56:27,463 INFO: POST request received for doc_id=21
2025-04-08 18:56:27,463 INFO: Updating existing document: id=21, title=123
2025-04-08 18:56:27,467 INFO: Saved XML to documents/1_123_7914.xml
2025-04-08 18:56:27,467 INFO: Redirecting to edit_document with doc_id=21
2025-04-08 18:56:27,472 INFO: Loaded existing document: id=21, title=123
2025-04-08 18:56:27,473 INFO: POST request received for doc_id=21
2025-04-08 18:56:27,473 INFO: Updating existing document: id=21, title=123
2025-04-08 18:56:27,481 INFO: Saved XML to documents/1_123_7914.xml
2025-04-08 18:56:27,481 INFO: Redirecting to edit_document with doc_id=21
2025-04-08 18:56:27,509 INFO: Loaded existing document: id=21, title=123
2025-04-08 18:56:27,509 INFO: Rendering edit page for doc_id=21
2025-04-08 18:56:27,511 INFO: Loaded existing document: id=21, title=123
2025-04-08 18:56:27,511 INFO: Rendering edit page for doc_id=21
2025-04-08 18:56:29,445 INFO: Loaded existing document: id=21, title=123
2025-04-08 18:56:29,445 INFO: POST request received for doc_id=21
2025-04-08 18:56:29,445 INFO: Updating existing document: id=21, title=123
2025-04-08 18:56:29,448 INFO: Saved XML to documents/1_123_7914.xml
2025-04-08 18:56:29,448 INFO: Redirecting to edit_document with doc_id=21
2025-04-08 18:56:29,471 INFO: Loaded existing document: id=21, title=123
2025-04-08 18:56:29,472 INFO: Rendering edit page for doc_id=21
2025-04-08 18:56:30,045 INFO: Loaded existing document: id=21, title=123
2025-04-08 18:56:30,046 INFO: POST request received for doc_id=21
2025-04-08 18:56:30,046 INFO: Updating existing document: id=21, title=123
2025-04-08 18:56:30,048 INFO: Saved XML to documents/1_123_7914.xml
2025-04-08 18:56:30,084 INFO: Generated DOCX for document id=21
2025-04-08 18:56:53,690 INFO: Loaded existing document: id=21, title=123
2025-04-08 18:56:53,690 INFO: POST request received for doc_id=21
2025-04-08 18:56:53,691 INFO: Updating existing document: id=21, title=123
2025-04-08 18:56:53,690 INFO: Loaded existing document: id=21, title=123
2025-04-08 18:56:53,692 INFO: POST request received for doc_id=21
2025-04-08 18:56:53,692 INFO: Updating existing document: id=21, title=123
2025-04-08 18:56:53,694 INFO: Saved XML to documents/1_123_7914.xml
2025-04-08 18:56:53,695 INFO: Redirecting to edit_document with doc_id=21
2025-04-08 18:56:53,698 INFO: Saved XML to documents/1_123_7914.xml
2025-04-08 18:56:53,698 INFO: Redirecting to edit_document with doc_id=21
2025-04-08 18:56:53,721 INFO: Loaded existing document: id=21, title=123
2025-04-08 18:56:53,721 INFO: Rendering edit page for doc_id=21
2025-04-08 18:56:53,721 INFO: Loaded existing document: id=21, title=123
2025-04-08 18:56:53,721 INFO: Rendering edit page for doc_id=21
2025-04-08 18:56:55,415 INFO: Loaded existing document: id=21, title=123
2025-04-08 18:56:55,416 INFO: POST request received for doc_id=21
2025-04-08 18:56:55,416 INFO: Updating existing document: id=21, title=123
2025-04-08 18:56:55,420 INFO: Saved XML to documents/1_123_7914.xml
2025-04-08 18:56:55,420 INFO: Redirecting to edit_document with doc_id=21
2025-04-08 18:56:55,444 INFO: Loaded existing document: id=21, title=123
2025-04-08 18:56:55,444 INFO: Rendering edit page for doc_id=21
2025-04-08 18:56:55,468 INFO: Loaded existing document: id=21, title=123
2025-04-08 18:56:55,469 INFO: POST request received for doc_id=21
2025-04-08 18:56:55,469 INFO: Updating existing document: id=21, title=123
2025-04-08 18:56:55,472 INFO: Saved XML to documents/1_123_7914.xml
2025-04-08 18:56:55,472 INFO: Redirecting to edit_document with doc_id=21
2025-04-08 18:56:55,499 INFO: Loaded existing document: id=21, title=123
2025-04-08 18:56:55,499 INFO: Rendering edit page for doc_id=21
2025-04-08 18:56:55,518 INFO: Loaded existing document: id=21, title=123
2025-04-08 18:56:55,519 INFO: POST request received for doc_id=21
2025-04-08 18:56:55,519 INFO: Updating existing document: id=21, title=123
2025-04-08 18:56:55,522 INFO: Saved XML to documents/1_123_7914.xml
2025-04-08 18:56:55,522 INFO: Redirecting to edit_document with doc_id=21
2025-04-08 18:56:55,545 INFO: Loaded existing document: id=21, title=123
2025-04-08 18:56:55,546 INFO: Rendering edit page for doc_id=21
2025-04-08 18:56:56,083 INFO: Loaded existing document: id=21, title=123
2025-04-08 18:56:56,083 INFO: POST request received for doc_id=21
2025-04-08 18:56:56,083 INFO: Updating existing document: id=21, title=123
2025-04-08 18:56:56,087 INFO: Saved XML to documents/1_123_7914.xml
2025-04-08 18:56:56,087 INFO: Redirecting to edit_document with doc_id=21
2025-04-08 18:56:56,110 INFO: Loaded existing document: id=21, title=123
2025-04-08 18:56:56,110 INFO: Rendering edit page for doc_id=21
2025-04-08 18:56:56,240 INFO: Loaded existing document: id=21, title=123
2025-04-08 18:56:56,241 INFO: POST request received for doc_id=21
2025-04-08 18:56:56,241 INFO: Updating existing document: id=21, title=123
2025-04-08 18:56:56,245 INFO: Saved XML to documents/1_123_7914.xml
2025-04-08 18:56:56,245 INFO: Redirecting to edit_document with doc_id=21
2025-04-08 18:56:56,266 INFO: Loaded existing document: id=21, title=123
2025-04-08 18:56:56,266 INFO: Rendering edit page for doc_id=21
2025-04-08 18:56:56,309 INFO: Loaded existing document: id=21, title=123
2025-04-08 18:56:56,309 INFO: POST request received for doc_id=21
2025-04-08 18:56:56,309 INFO: Updating existing document: id=21, title=123
2025-04-08 18:56:56,313 INFO: Saved XML to documents/1_123_7914.xml
2025-04-08 18:56:56,314 INFO: Redirecting to edit_document with doc_id=21
2025-04-08 18:56:56,337 INFO: Loaded existing document: id=21, title=123
2025-04-08 18:56:56,337 INFO: Rendering edit page for doc_id=21
2025-04-08 18:56:56,346 INFO: Loaded existing document: id=21, title=123
2025-04-08 18:56:56,346 INFO: POST request received for doc_id=21
2025-04-08 18:56:56,346 INFO: Updating existing document: id=21, title=123
2025-04-08 18:56:56,349 INFO: Saved XML to documents/1_123_7914.xml
2025-04-08 18:56:56,350 INFO: Redirecting to edit_document with doc_id=21
2025-04-08 18:56:56,371 INFO: Loaded existing document: id=21, title=123
2025-04-08 18:56:56,371 INFO: Rendering edit page for doc_id=21
2025-04-08 18:56:56,441 INFO: Loaded existing document: id=21, title=123
2025-04-08 18:56:56,442 INFO: POST request received for doc_id=21
2025-04-08 18:56:56,442 INFO: Updating existing document: id=21, title=123
2025-04-08 18:56:56,445 INFO: Saved XML to documents/1_123_7914.xml
2025-04-08 18:56:56,445 INFO: Redirecting to edit_document with doc_id=21
2025-04-08 18:56:56,465 INFO: Loaded existing document: id=21, title=123
2025-04-08 18:56:56,466 INFO: Rendering edit page for doc_id=21
2025-04-08 18:56:56,528 INFO: Loaded existing document: id=21, title=123
2025-04-08 18:56:56,528 INFO: POST request received for doc_id=21
2025-04-08 18:56:56,529 INFO: Updating existing document: id=21, title=123
2025-04-08 18:56:56,531 INFO: Saved XML to documents/1_123_7914.xml
2025-04-08 18:56:56,531 INFO: Redirecting to edit_document with doc_id=21
2025-04-08 18:56:56,558 INFO: Loaded existing document: id=21, title=123
2025-04-08 18:56:56,558 INFO: Rendering edit page for doc_id=21
2025-04-08 18:56:56,595 INFO: Loaded existing document: id=21, title=123
2025-04-08 18:56:56,596 INFO: POST request received for doc_id=21
2025-04-08 18:56:56,596 INFO: Updating existing document: id=21, title=123
2025-04-08 18:56:56,598 INFO: Saved XML to documents/1_123_7914.xml
2025-04-08 18:56:56,599 INFO: Redirecting to edit_document with doc_id=21
2025-04-08 18:56:56,621 INFO: Loaded existing document: id=21, title=123
2025-04-08 18:56:56,621 INFO: Rendering edit page for doc_id=21
2025-04-08 18:56:56,641 INFO: Loaded existing document: id=21, title=123
2025-04-08 18:56:56,641 INFO: POST request received for doc_id=21
2025-04-08 18:56:56,641 INFO: Updating existing document: id=21, title=123
2025-04-08 18:56:56,644 INFO: Saved XML to documents/1_123_7914.xml
2025-04-08 18:56:56,644 INFO: Redirecting to edit_document with doc_id=21
2025-04-08 18:56:56,672 INFO: Loaded existing document: id=21, title=123
2025-04-08 18:56:56,673 INFO: Rendering edit page for doc_id=21
2025-04-08 18:56:56,714 INFO: Loaded existing document: id=21, title=123
2025-04-08 18:56:56,715 INFO: POST request received for doc_id=21
2025-04-08 18:56:56,715 INFO: Updating existing document: id=21, title=123
2025-04-08 18:56:56,721 INFO: Saved XML to documents/1_123_7914.xml
2025-04-08 18:56:56,722 INFO: Redirecting to edit_document with doc_id=21
2025-04-08 18:56:56,748 INFO: Loaded existing document: id=21, title=123
2025-04-08 18:56:56,748 INFO: Rendering edit page for doc_id=21
2025-04-08 18:56:56,784 INFO: Loaded existing document: id=21, title=123
2025-04-08 18:56:56,784 INFO: POST request received for doc_id=21
2025-04-08 18:56:56,784 INFO: Updating existing document: id=21, title=123
2025-04-08 18:56:56,787 INFO: Saved XML to documents/1_123_7914.xml
2025-04-08 18:56:56,788 INFO: Redirecting to edit_document with doc_id=21
2025-04-08 18:56:56,809 INFO: Loaded existing document: id=21, title=123
2025-04-08 18:56:56,809 INFO: Rendering edit page for doc_id=21
2025-04-08 18:56:56,859 INFO: Loaded existing document: id=21, title=123
2025-04-08 18:56:56,859 INFO: POST request received for doc_id=21
2025-04-08 18:56:56,859 INFO: Updating existing document: id=21, title=123
2025-04-08 18:56:56,862 INFO: Saved XML to documents/1_123_7914.xml
2025-04-08 18:56:56,862 INFO: Redirecting to edit_document with doc_id=21
2025-04-08 18:56:56,884 INFO: Loaded existing document: id=21, title=123
2025-04-08 18:56:56,885 INFO: Rendering edit page for doc_id=21
2025-04-08 18:56:56,908 INFO: Loaded existing document: id=21, title=123
2025-04-08 18:56:56,908 INFO: POST request received for doc_id=21
2025-04-08 18:56:56,909 INFO: Updating existing document: id=21, title=123
2025-04-08 18:56:56,912 INFO: Saved XML to documents/1_123_7914.xml
2025-04-08 18:56:56,912 INFO: Redirecting to edit_document with doc_id=21
2025-04-08 18:56:56,937 INFO: Loaded existing document: id=21, title=123
2025-04-08 18:56:56,938 INFO: Rendering edit page for doc_id=21
2025-04-08 18:56:56,991 INFO: Loaded existing document: id=21, title=123
2025-04-08 18:56:56,991 INFO: POST request received for doc_id=21
2025-04-08 18:56:56,992 INFO: Updating existing document: id=21, title=123
2025-04-08 18:56:56,995 INFO: Saved XML to documents/1_123_7914.xml
2025-04-08 18:56:56,995 INFO: Redirecting to edit_document with doc_id=21
2025-04-08 18:56:57,016 INFO: Loaded existing document: id=21, title=123
2025-04-08 18:56:57,017 INFO: Rendering edit page for doc_id=21
2025-04-08 18:56:57,046 INFO: Loaded existing document: id=21, title=123
2025-04-08 18:56:57,046 INFO: POST request received for doc_id=21
2025-04-08 18:56:57,046 INFO: Updating existing document: id=21, title=123
2025-04-08 18:56:57,049 INFO: Saved XML to documents/1_123_7914.xml
2025-04-08 18:56:57,049 INFO: Redirecting to edit_document with doc_id=21
2025-04-08 18:56:57,073 INFO: Loaded existing document: id=21, title=123
2025-04-08 18:56:57,073 INFO: Rendering edit page for doc_id=21
2025-04-08 18:56:57,138 INFO: Loaded existing document: id=21, title=123
2025-04-08 18:56:57,138 INFO: POST request received for doc_id=21
2025-04-08 18:56:57,138 INFO: Updating existing document: id=21, title=123
2025-04-08 18:56:57,142 INFO: Saved XML to documents/1_123_7914.xml
2025-04-08 18:56:57,142 INFO: Redirecting to edit_document with doc_id=21
2025-04-08 18:56:57,168 INFO: Loaded existing document: id=21, title=123
2025-04-08 18:56:57,168 INFO: Rendering edit page for doc_id=21
2025-04-08 18:56:57,186 INFO: Loaded existing document: id=21, title=123
2025-04-08 18:56:57,186 INFO: POST request received for doc_id=21
2025-04-08 18:56:57,186 INFO: Updating existing document: id=21, title=123
2025-04-08 18:56:57,189 INFO: Saved XML to documents/1_123_7914.xml
2025-04-08 18:56:57,189 INFO: Redirecting to edit_document with doc_id=21
2025-04-08 18:56:57,213 INFO: Loaded existing document: id=21, title=123
2025-04-08 18:56:57,213 INFO: Rendering edit page for doc_id=21
2025-04-08 18:56:57,263 INFO: Loaded existing document: id=21, title=123
2025-04-08 18:56:57,263 INFO: POST request received for doc_id=21
2025-04-08 18:56:57,263 INFO: Updating existing document: id=21, title=123
2025-04-08 18:56:57,266 INFO: Saved XML to documents/1_123_7914.xml
2025-04-08 18:56:57,266 INFO: Redirecting to edit_document with doc_id=21
2025-04-08 18:56:57,287 INFO: Loaded existing document: id=21, title=123
2025-04-08 18:56:57,288 INFO: Rendering edit page for doc_id=21
2025-04-08 18:56:57,337 INFO: Loaded existing document: id=21, title=123
2025-04-08 18:56:57,337 INFO: POST request received for doc_id=21
2025-04-08 18:56:57,337 INFO: Updating existing document: id=21, title=123
2025-04-08 18:56:57,339 INFO: Saved XML to documents/1_123_7914.xml
2025-04-08 18:56:57,339 INFO: Redirecting to edit_document with doc_id=21
2025-04-08 18:56:57,362 INFO: Loaded existing document: id=21, title=123
2025-04-08 18:56:57,362 INFO: Rendering edit page for doc_id=21
2025-04-08 18:56:57,434 INFO: Loaded existing document: id=21, title=123
2025-04-08 18:56:57,435 INFO: POST request received for doc_id=21
2025-04-08 18:56:57,435 INFO: Updating existing document: id=21, title=123
2025-04-08 18:56:57,439 INFO: Saved XML to documents/1_123_7914.xml
2025-04-08 18:56:57,440 INFO: Redirecting to edit_document with doc_id=21
2025-04-08 18:56:57,467 INFO: Loaded existing document: id=21, title=123
2025-04-08 18:56:57,467 INFO: Rendering edit page for doc_id=21
2025-04-08 18:56:57,480 INFO: Loaded existing document: id=21, title=123
2025-04-08 18:56:57,480 INFO: POST request received for doc_id=21
2025-04-08 18:56:57,480 INFO: Updating existing document: id=21, title=123
2025-04-08 18:56:57,483 INFO: Saved XML to documents/1_123_7914.xml
2025-04-08 18:56:57,483 INFO: Redirecting to edit_document with doc_id=21
2025-04-08 18:56:57,505 INFO: Loaded existing document: id=21, title=123
2025-04-08 18:56:57,505 INFO: Rendering edit page for doc_id=21
2025-04-08 18:56:57,952 INFO: Loaded existing document: id=21, title=123
2025-04-08 18:56:57,952 INFO: POST request received for doc_id=21
2025-04-08 18:56:57,952 INFO: Updating existing document: id=21, title=123
2025-04-08 18:56:57,957 INFO: Saved XML to documents/1_123_7914.xml
2025-04-08 18:56:57,982 INFO: Generated DOCX for document id=21
2025-04-08 18:57:10,366 INFO: Loaded existing document: id=21, title=123
2025-04-08 18:57:10,367 INFO: POST request received for doc_id=21
2025-04-08 18:57:10,367 INFO: Updating existing document: id=21, title=123
2025-04-08 18:57:10,368 INFO: Loaded existing document: id=21, title=123
2025-04-08 18:57:10,369 INFO: POST request received for doc_id=21
2025-04-08 18:57:10,369 INFO: Updating existing document: id=21, title=123
2025-04-08 18:57:10,372 INFO: Saved XML to documents/1_123_7914.xml
2025-04-08 18:57:10,372 INFO: Redirecting to edit_document with doc_id=21
2025-04-08 18:57:10,374 INFO: Saved XML to documents/1_123_7914.xml
2025-04-08 18:57:10,374 INFO: Redirecting to edit_document with doc_id=21
2025-04-08 18:57:10,399 INFO: Loaded existing document: id=21, title=123
2025-04-08 18:57:10,399 INFO: Rendering edit page for doc_id=21
2025-04-08 18:57:10,429 INFO: Loaded existing document: id=21, title=123
2025-04-08 18:57:10,430 INFO: Rendering edit page for doc_id=21
2025-04-08 18:57:12,136 INFO: Loaded existing document: id=21, title=123
2025-04-08 18:57:12,136 INFO: POST request received for doc_id=21
2025-04-08 18:57:12,136 INFO: Updating existing document: id=21, title=123
2025-04-08 18:57:12,139 INFO: Saved XML to documents/1_123_7914.xml
2025-04-08 18:57:12,139 INFO: Redirecting to edit_document with doc_id=21
2025-04-08 18:57:12,158 INFO: Loaded existing document: id=21, title=123
2025-04-08 18:57:12,158 INFO: Rendering edit page for doc_id=21
2025-04-08 18:57:13,553 INFO: Loaded existing document: id=21, title=123
2025-04-08 18:57:13,553 INFO: Rendering edit page for doc_id=21
2025-04-08 18:57:16,835 INFO: Loaded existing document: id=21, title=123
2025-04-08 18:57:16,836 INFO: POST request received for doc_id=21
2025-04-08 18:57:16,836 INFO: Updating existing document: id=21, title=123
2025-04-08 18:57:16,842 INFO: Saved XML to documents/1_123_7914.xml
2025-04-08 18:57:16,842 INFO: Redirecting to edit_document with doc_id=21
2025-04-08 18:57:16,867 INFO: Loaded existing document: id=21, title=123
2025-04-08 18:57:16,867 INFO: Rendering edit page for doc_id=21
2025-04-08 18:57:19,772 INFO: Loaded existing document: id=21, title=123
2025-04-08 18:57:19,773 INFO: POST request received for doc_id=21
2025-04-08 18:57:19,773 INFO: Updating existing document: id=21, title=123
2025-04-08 18:57:19,778 INFO: Saved XML to documents/1_123_7914.xml
2025-04-08 18:57:19,778 INFO: Redirecting to edit_document with doc_id=21
2025-04-08 18:57:19,800 INFO: Loaded existing document: id=21, title=123
2025-04-08 18:57:19,801 INFO: Rendering edit page for doc_id=21
2025-04-08 18:57:19,826 INFO: Loaded existing document: id=21, title=123
2025-04-08 18:57:19,826 INFO: POST request received for doc_id=21
2025-04-08 18:57:19,826 INFO: Updating existing document: id=21, title=123
2025-04-08 18:57:19,831 INFO: Saved XML to documents/1_123_7914.xml
2025-04-08 18:57:19,831 INFO: Redirecting to edit_document with doc_id=21
2025-04-08 18:57:19,853 INFO: Loaded existing document: id=21, title=123
2025-04-08 18:57:19,853 INFO: Rendering edit page for doc_id=21
2025-04-08 18:57:19,918 INFO: Loaded existing document: id=21, title=123
2025-04-08 18:57:19,918 INFO: POST request received for doc_id=21
2025-04-08 18:57:19,918 INFO: Updating existing document: id=21, title=123
2025-04-08 18:57:19,923 INFO: Saved XML to documents/1_123_7914.xml
2025-04-08 18:57:19,923 INFO: Redirecting to edit_document with doc_id=21
2025-04-08 18:57:19,948 INFO: Loaded existing document: id=21, title=123
2025-04-08 18:57:19,948 INFO: Rendering edit page for doc_id=21
2025-04-08 18:57:20,120 INFO: Loaded existing document: id=21, title=123
2025-04-08 18:57:20,120 INFO: POST request received for doc_id=21
2025-04-08 18:57:20,120 INFO: Updating existing document: id=21, title=123
2025-04-08 18:57:20,126 INFO: Saved XML to documents/1_123_7914.xml
2025-04-08 18:57:20,126 INFO: Redirecting to edit_document with doc_id=21
2025-04-08 18:57:20,152 INFO: Loaded existing document: id=21, title=123
2025-04-08 18:57:20,152 INFO: Rendering edit page for doc_id=21
2025-04-08 18:57:20,169 INFO: Loaded existing document: id=21, title=123
2025-04-08 18:57:20,170 INFO: POST request received for doc_id=21
2025-04-08 18:57:20,170 INFO: Updating existing document: id=21, title=123
2025-04-08 18:57:20,174 INFO: Saved XML to documents/1_123_7914.xml
2025-04-08 18:57:20,175 INFO: Redirecting to edit_document with doc_id=21
2025-04-08 18:57:20,196 INFO: Loaded existing document: id=21, title=123
2025-04-08 18:57:20,196 INFO: Rendering edit page for doc_id=21
2025-04-08 18:57:20,324 INFO: Loaded existing document: id=21, title=123
2025-04-08 18:57:20,325 INFO: POST request received for doc_id=21
2025-04-08 18:57:20,325 INFO: Updating existing document: id=21, title=123
2025-04-08 18:57:20,329 INFO: Saved XML to documents/1_123_7914.xml
2025-04-08 18:57:20,330 INFO: Redirecting to edit_document with doc_id=21
2025-04-08 18:57:20,355 INFO: Loaded existing document: id=21, title=123
2025-04-08 18:57:20,355 INFO: Rendering edit page for doc_id=21
2025-04-08 18:57:20,549 INFO: Loaded existing document: id=21, title=123
2025-04-08 18:57:20,549 INFO: POST request received for doc_id=21
2025-04-08 18:57:20,549 INFO: Updating existing document: id=21, title=123
2025-04-08 18:57:20,555 INFO: Saved XML to documents/1_123_7914.xml
2025-04-08 18:57:20,556 INFO: Redirecting to edit_document with doc_id=21
2025-04-08 18:57:20,577 INFO: Loaded existing document: id=21, title=123
2025-04-08 18:57:20,577 INFO: Rendering edit page for doc_id=21
2025-04-08 18:57:20,620 INFO: Loaded existing document: id=21, title=123
2025-04-08 18:57:20,620 INFO: POST request received for doc_id=21
2025-04-08 18:57:20,620 INFO: Updating existing document: id=21, title=123
2025-04-08 18:57:20,624 INFO: Saved XML to documents/1_123_7914.xml
2025-04-08 18:57:20,624 INFO: Redirecting to edit_document with doc_id=21
2025-04-08 18:57:20,645 INFO: Loaded existing document: id=21, title=123
2025-04-08 18:57:20,645 INFO: Rendering edit page for doc_id=21
2025-04-08 18:57:23,385 INFO: Loaded existing document: id=21, title=123
2025-04-08 18:57:23,386 INFO: POST request received for doc_id=21
2025-04-08 18:57:23,386 INFO: Updating existing document: id=21, title=123
2025-04-08 18:57:23,392 INFO: Saved XML to documents/1_123_7914.xml
2025-04-08 18:57:23,425 INFO: Generated DOCX for document id=21
2025-04-08 19:10:29,851 INFO: Loaded existing document: id=21, title=123
2025-04-08 19:10:29,851 INFO: Rendering edit page for doc_id=21
2025-04-08 19:10:32,357 INFO: Loaded existing document: id=21, title=123
2025-04-08 19:10:32,358 INFO: POST request received for doc_id=21
2025-04-08 19:10:32,359 INFO: Updating existing document: id=21, title=123
2025-04-08 19:10:32,363 INFO: Saved XML to documents/1_123_7914.xml
2025-04-08 19:10:32,386 ERROR: Generation error: Ошибка при генерации документа: "no style with name 'Caption'"
2025-04-08 19:12:51,863 INFO: Loaded existing document: id=21, title=123
2025-04-08 19:12:51,864 INFO: POST request received for doc_id=21
2025-04-08 19:12:51,864 INFO: Updating existing document: id=21, title=123
2025-04-08 19:12:51,869 INFO: Saved XML to documents/1_123_7914.xml
2025-04-08 19:12:51,888 ERROR: Generation error: Ошибка при генерации документа: "no style with name 'Caption'"
2025-04-08 19:12:56,193 INFO: Loaded existing document: id=21, title=123
2025-04-08 19:12:56,194 INFO: Rendering edit page for doc_id=21
2025-04-08 19:12:57,619 INFO: Loaded existing document: id=21, title=123
2025-04-08 19:12:57,619 INFO: POST request received for doc_id=21
2025-04-08 19:12:57,620 INFO: Updating existing document: id=21, title=123
2025-04-08 19:12:57,625 INFO: Saved XML to documents/1_123_7914.xml
2025-04-08 19:12:57,647 ERROR: Generation error: Ошибка при генерации документа: "no style with name 'Caption'"
2025-04-08 19:13:13,121 INFO: Loaded existing document: id=21, title=123
2025-04-08 19:13:13,121 INFO: Rendering edit page for doc_id=21
2025-04-08 19:13:17,189 INFO: Loaded existing document: id=21, title=123
2025-04-08 19:13:17,189 INFO: Rendering edit page for doc_id=21
2025-04-08 19:13:18,878 INFO: Loaded existing document: id=21, title=123
2025-04-08 19:13:18,879 INFO: POST request received for doc_id=21
2025-04-08 19:13:18,879 INFO: Updating existing document: id=21, title=123
2025-04-08 19:13:18,884 INFO: Saved XML to documents/1_123_7914.xml
2025-04-08 19:13:18,905 ERROR: Generation error: Ошибка при генерации документа: "no style with name 'Caption'"
2025-04-08 19:13:23,367 INFO: Loaded existing document: id=21, title=123
2025-04-08 19:13:23,368 INFO: POST request received for doc_id=21
2025-04-08 19:13:23,368 INFO: Updating existing document: id=21, title=123
2025-04-08 19:13:23,370 INFO: Saved XML to documents/1_123_7914.xml
2025-04-08 19:13:23,370 INFO: Redirecting to edit_document with doc_id=21
2025-04-08 19:13:23,390 INFO: Loaded existing document: id=21, title=123
2025-04-08 19:13:23,391 INFO: Rendering edit page for doc_id=21
2025-04-08 19:13:27,181 INFO: Loaded existing document: id=21, title=123
2025-04-08 19:13:27,181 INFO: Rendering edit page for doc_id=21
2025-04-08 19:13:31,252 INFO: Loaded existing document: id=21, title=123
2025-04-08 19:13:31,253 INFO: POST request received for doc_id=21
2025-04-08 19:13:31,253 INFO: Updating existing document: id=21, title=123
2025-04-08 19:13:31,255 INFO: Loaded existing document: id=21, title=123
2025-04-08 19:13:31,256 INFO: POST request received for doc_id=21
2025-04-08 19:13:31,256 INFO: Updating existing document: id=21, title=123
2025-04-08 19:13:31,259 INFO: Saved XML to documents/1_123_7914.xml
2025-04-08 19:13:31,259 INFO: Redirecting to edit_document with doc_id=21
2025-04-08 19:13:31,259 INFO: Saved XML to documents/1_123_7914.xml
2025-04-08 19:13:31,259 INFO: Redirecting to edit_document with doc_id=21
2025-04-08 19:13:31,281 INFO: Loaded existing document: id=21, title=123
2025-04-08 19:13:31,281 INFO: Rendering edit page for doc_id=21
2025-04-08 19:13:31,292 INFO: Loaded existing document: id=21, title=123
2025-04-08 19:13:31,293 INFO: Rendering edit page for doc_id=21
2025-04-08 19:13:32,535 INFO: Loaded existing document: id=21, title=123
2025-04-08 19:13:32,535 INFO: POST request received for doc_id=21
2025-04-08 19:13:32,535 INFO: Updating existing document: id=21, title=123
2025-04-08 19:13:32,540 INFO: Saved XML to documents/1_123_7914.xml
2025-04-08 19:13:32,540 INFO: Redirecting to edit_document with doc_id=21
2025-04-08 19:13:32,571 INFO: Loaded existing document: id=21, title=123
2025-04-08 19:13:32,571 INFO: Rendering edit page for doc_id=21
2025-04-08 19:13:34,760 INFO: Loaded existing document: id=21, title=123
2025-04-08 19:13:34,761 INFO: POST request received for doc_id=21
2025-04-08 19:13:34,761 INFO: Updating existing document: id=21, title=123
2025-04-08 19:13:34,767 INFO: Saved XML to documents/1_123_7914.xml
2025-04-08 19:13:34,767 INFO: Redirecting to edit_document with doc_id=21
2025-04-08 19:13:34,792 INFO: Loaded existing document: id=21, title=123
2025-04-08 19:13:34,793 INFO: Rendering edit page for doc_id=21
2025-04-08 19:13:37,925 INFO: Loaded existing document: id=21, title=123
2025-04-08 19:13:37,926 INFO: POST request received for doc_id=21
2025-04-08 19:13:37,926 INFO: Updating existing document: id=21, title=123
2025-04-08 19:13:37,932 INFO: Saved XML to documents/1_123_7914.xml
2025-04-08 19:13:37,932 INFO: Redirecting to edit_document with doc_id=21
2025-04-08 19:13:37,955 INFO: Loaded existing document: id=21, title=123
2025-04-08 19:13:37,956 INFO: Rendering edit page for doc_id=21
2025-04-08 19:13:37,984 INFO: Loaded existing document: id=21, title=123
2025-04-08 19:13:37,985 INFO: POST request received for doc_id=21
2025-04-08 19:13:37,985 INFO: Updating existing document: id=21, title=123
2025-04-08 19:13:37,997 INFO: Saved XML to documents/1_123_7914.xml
2025-04-08 19:13:37,997 INFO: Redirecting to edit_document with doc_id=21
2025-04-08 19:13:38,024 INFO: Loaded existing document: id=21, title=123
2025-04-08 19:13:38,024 INFO: Rendering edit page for doc_id=21
2025-04-08 19:13:38,202 INFO: Loaded existing document: id=21, title=123
2025-04-08 19:13:38,202 INFO: POST request received for doc_id=21
2025-04-08 19:13:38,202 INFO: Updating existing document: id=21, title=123
2025-04-08 19:13:38,207 INFO: Saved XML to documents/1_123_7914.xml
2025-04-08 19:13:38,207 INFO: Redirecting to edit_document with doc_id=21
2025-04-08 19:13:38,230 INFO: Loaded existing document: id=21, title=123
2025-04-08 19:13:38,230 INFO: Rendering edit page for doc_id=21
2025-04-08 19:13:38,328 INFO: Loaded existing document: id=21, title=123
2025-04-08 19:13:38,328 INFO: POST request received for doc_id=21
2025-04-08 19:13:38,328 INFO: Updating existing document: id=21, title=123
2025-04-08 19:13:38,333 INFO: Saved XML to documents/1_123_7914.xml
2025-04-08 19:13:38,333 INFO: Redirecting to edit_document with doc_id=21
2025-04-08 19:13:38,353 INFO: Loaded existing document: id=21, title=123
2025-04-08 19:13:38,353 INFO: Rendering edit page for doc_id=21
2025-04-08 19:13:38,385 INFO: Loaded existing document: id=21, title=123
2025-04-08 19:13:38,386 INFO: POST request received for doc_id=21
2025-04-08 19:13:38,386 INFO: Updating existing document: id=21, title=123
2025-04-08 19:13:38,392 INFO: Saved XML to documents/1_123_7914.xml
2025-04-08 19:13:38,392 INFO: Redirecting to edit_document with doc_id=21
2025-04-08 19:13:38,414 INFO: Loaded existing document: id=21, title=123
2025-04-08 19:13:38,414 INFO: Rendering edit page for doc_id=21
2025-04-08 19:13:38,459 INFO: Loaded existing document: id=21, title=123
2025-04-08 19:13:38,459 INFO: POST request received for doc_id=21
2025-04-08 19:13:38,460 INFO: Updating existing document: id=21, title=123
2025-04-08 19:13:38,465 INFO: Saved XML to documents/1_123_7914.xml
2025-04-08 19:13:38,465 INFO: Redirecting to edit_document with doc_id=21
2025-04-08 19:13:38,488 INFO: Loaded existing document: id=21, title=123
2025-04-08 19:13:38,488 INFO: Rendering edit page for doc_id=21
2025-04-08 19:13:38,539 INFO: Loaded existing document: id=21, title=123
2025-04-08 19:13:38,539 INFO: POST request received for doc_id=21
2025-04-08 19:13:38,539 INFO: Updating existing document: id=21, title=123
2025-04-08 19:13:38,545 INFO: Saved XML to documents/1_123_7914.xml
2025-04-08 19:13:38,545 INFO: Redirecting to edit_document with doc_id=21
2025-04-08 19:13:38,568 INFO: Loaded existing document: id=21, title=123
2025-04-08 19:13:38,568 INFO: Rendering edit page for doc_id=21
2025-04-08 19:13:39,769 INFO: Loaded existing document: id=21, title=123
2025-04-08 19:13:39,769 INFO: POST request received for doc_id=21
2025-04-08 19:13:39,769 INFO: Updating existing document: id=21, title=123
2025-04-08 19:13:39,777 INFO: Saved XML to documents/1_123_7914.xml
2025-04-08 19:13:39,800 ERROR: Generation error: Ошибка при генерации документа: "no style with name 'Caption'"
2025-04-08 19:14:33,718 INFO: Loaded existing document: id=21, title=123
2025-04-08 19:14:33,720 INFO: Rendering edit page for doc_id=21
2025-04-08 19:14:35,267 INFO: Loaded existing document: id=21, title=123
2025-04-08 19:14:35,267 INFO: POST request received for doc_id=21
2025-04-08 19:14:35,268 INFO: Updating existing document: id=21, title=123
2025-04-08 19:14:35,272 INFO: Saved XML to documents/1_123_7914.xml
2025-04-08 19:14:35,308 INFO: Generated DOCX for document id=21
2025-04-08 19:15:18,352 INFO: Loaded existing document: id=21, title=123
2025-04-08 19:15:18,354 INFO: POST request received for doc_id=21
2025-04-08 19:15:18,354 INFO: Updating existing document: id=21, title=123
2025-04-08 19:15:18,360 INFO: Saved XML to documents/1_123_7914.xml
2025-04-08 19:15:18,360 INFO: Redirecting to edit_document with doc_id=21
2025-04-08 19:15:18,383 INFO: Loaded existing document: id=21, title=123
2025-04-08 19:15:18,384 INFO: Rendering edit page for doc_id=21
2025-04-08 19:15:18,453 INFO: Loaded existing document: id=21, title=123
2025-04-08 19:15:18,454 INFO: POST request received for doc_id=21
2025-04-08 19:15:18,454 INFO: Updating existing document: id=21, title=123
2025-04-08 19:15:18,462 INFO: Saved XML to documents/1_123_7914.xml
2025-04-08 19:15:18,464 INFO: Redirecting to edit_document with doc_id=21
2025-04-08 19:15:18,477 INFO: Loaded existing document: id=21, title=123
2025-04-08 19:15:18,478 INFO: POST request received for doc_id=21
2025-04-08 19:15:18,478 INFO: Updating existing document: id=21, title=123
2025-04-08 19:15:18,486 INFO: Saved XML to documents/1_123_7914.xml
2025-04-08 19:15:18,486 INFO: Redirecting to edit_document with doc_id=21
2025-04-08 19:15:18,500 INFO: Loaded existing document: id=21, title=123
2025-04-08 19:15:18,501 INFO: Rendering edit page for doc_id=21
2025-04-08 19:15:18,516 INFO: Loaded existing document: id=21, title=123
2025-04-08 19:15:18,516 INFO: Rendering edit page for doc_id=21
2025-04-08 19:15:18,586 INFO: Loaded existing document: id=21, title=123
2025-04-08 19:15:18,586 INFO: POST request received for doc_id=21
2025-04-08 19:15:18,587 INFO: Updating existing document: id=21, title=123
2025-04-08 19:15:18,590 INFO: Saved XML to documents/1_123_7914.xml
2025-04-08 19:15:18,591 INFO: Redirecting to edit_document with doc_id=21
2025-04-08 19:15:18,605 INFO: Loaded existing document: id=21, title=123
2025-04-08 19:15:18,606 INFO: POST request received for doc_id=21
2025-04-08 19:15:18,605 INFO: Loaded existing document: id=21, title=123
2025-04-08 19:15:18,606 INFO: POST request received for doc_id=21
2025-04-08 19:15:18,606 INFO: Updating existing document: id=21, title=123
2025-04-08 19:15:18,606 INFO: Updating existing document: id=21, title=123
2025-04-08 19:15:18,609 INFO: Saved XML to documents/1_123_7914.xml
2025-04-08 19:15:18,609 INFO: Redirecting to edit_document with doc_id=21
2025-04-08 19:15:18,610 INFO: Saved XML to documents/1_123_7914.xml
2025-04-08 19:15:18,611 INFO: Redirecting to edit_document with doc_id=21
2025-04-08 19:15:18,636 INFO: Loaded existing document: id=21, title=123
2025-04-08 19:15:18,637 INFO: Rendering edit page for doc_id=21
2025-04-08 19:15:18,644 INFO: Loaded existing document: id=21, title=123
2025-04-08 19:15:18,644 INFO: Rendering edit page for doc_id=21
2025-04-08 19:15:18,647 INFO: Loaded existing document: id=21, title=123
2025-04-08 19:15:18,647 INFO: Rendering edit page for doc_id=21
2025-04-08 19:15:18,734 INFO: Loaded existing document: id=21, title=123
2025-04-08 19:15:18,734 INFO: POST request received for doc_id=21
2025-04-08 19:15:18,735 INFO: Updating existing document: id=21, title=123
2025-04-08 19:15:18,738 INFO: Saved XML to documents/1_123_7914.xml
2025-04-08 19:15:18,738 INFO: Redirecting to edit_document with doc_id=21
2025-04-08 19:15:18,751 INFO: Loaded existing document: id=21, title=123
2025-04-08 19:15:18,751 INFO: POST request received for doc_id=21
2025-04-08 19:15:18,751 INFO: Updating existing document: id=21, title=123
2025-04-08 19:15:18,755 INFO: Saved XML to documents/1_123_7914.xml
2025-04-08 19:15:18,755 INFO: Redirecting to edit_document with doc_id=21
2025-04-08 19:15:18,763 INFO: Loaded existing document: id=21, title=123
2025-04-08 19:15:18,764 INFO: POST request received for doc_id=21
2025-04-08 19:15:18,764 INFO: Updating existing document: id=21, title=123
2025-04-08 19:15:18,769 INFO: Loaded existing document: id=21, title=123
2025-04-08 19:15:18,770 INFO: Rendering edit page for doc_id=21
2025-04-08 19:15:18,770 INFO: Saved XML to documents/1_123_7914.xml
2025-04-08 19:15:18,772 INFO: Redirecting to edit_document with doc_id=21
2025-04-08 19:15:18,805 INFO: Loaded existing document: id=21, title=123
2025-04-08 19:15:18,806 INFO: Rendering edit page for doc_id=21
2025-04-08 19:15:18,824 INFO: Loaded existing document: id=21, title=123
2025-04-08 19:15:18,824 INFO: Rendering edit page for doc_id=21
2025-04-08 19:15:18,889 INFO: Loaded existing document: id=21, title=123
2025-04-08 19:15:18,890 INFO: POST request received for doc_id=21
2025-04-08 19:15:18,890 INFO: Updating existing document: id=21, title=123
2025-04-08 19:15:18,895 INFO: Saved XML to documents/1_123_7914.xml
2025-04-08 19:15:18,896 INFO: Redirecting to edit_document with doc_id=21
2025-04-08 19:15:18,900 INFO: Loaded existing document: id=21, title=123
2025-04-08 19:15:18,900 INFO: POST request received for doc_id=21
2025-04-08 19:15:18,900 INFO: Updating existing document: id=21, title=123
2025-04-08 19:15:18,903 INFO: Saved XML to documents/1_123_7914.xml
2025-04-08 19:15:18,903 INFO: Redirecting to edit_document with doc_id=21
2025-04-08 19:15:18,910 INFO: Loaded existing document: id=21, title=123
2025-04-08 19:15:18,910 INFO: POST request received for doc_id=21
2025-04-08 19:15:18,910 INFO: Updating existing document: id=21, title=123
2025-04-08 19:15:18,914 INFO: Saved XML to documents/1_123_7914.xml
2025-04-08 19:15:18,914 INFO: Redirecting to edit_document with doc_id=21
2025-04-08 19:15:18,935 INFO: Loaded existing document: id=21, title=123
2025-04-08 19:15:18,936 INFO: Rendering edit page for doc_id=21
2025-04-08 19:15:18,936 INFO: Loaded existing document: id=21, title=123
2025-04-08 19:15:18,936 INFO: Rendering edit page for doc_id=21
2025-04-08 19:15:18,954 INFO: Loaded existing document: id=21, title=123
2025-04-08 19:15:18,955 INFO: Rendering edit page for doc_id=21
2025-04-08 19:15:19,418 INFO: Loaded existing document: id=21, title=123
2025-04-08 19:15:19,418 INFO: POST request received for doc_id=21
2025-04-08 19:15:19,418 INFO: Updating existing document: id=21, title=123
2025-04-08 19:15:19,422 INFO: Saved XML to documents/1_123_7914.xml
2025-04-08 19:15:19,465 INFO: Generated DOCX for document id=21
2025-04-08 19:17:40,670 INFO: Loaded existing document: id=21, title=123
2025-04-08 19:17:40,671 INFO: Rendering edit page for doc_id=21
2025-04-08 19:17:42,951 INFO: Loaded existing document: id=21, title=123
2025-04-08 19:17:42,951 INFO: POST request received for doc_id=21
2025-04-08 19:17:42,951 INFO: Updating existing document: id=21, title=123
2025-04-08 19:17:42,955 INFO: Saved XML to documents/1_123_7914.xml
2025-04-08 19:17:42,997 INFO: Generated DOCX for document id=21
2025-04-08 19:21:39,462 INFO: Loaded existing document: id=21, title=123
2025-04-08 19:21:39,462 INFO: Rendering edit page for doc_id=21
2025-04-08 19:21:41,132 INFO: Loaded existing document: id=21, title=123
2025-04-08 19:21:41,132 INFO: POST request received for doc_id=21
2025-04-08 19:21:41,132 INFO: Updating existing document: id=21, title=123
2025-04-08 19:21:41,136 INFO: Saved XML to documents/1_123_7914.xml
2025-04-08 19:21:41,176 INFO: Generated DOCX for document id=21
2025-04-08 19:23:13,369 INFO: Loaded existing document: id=21, title=123
2025-04-08 19:23:13,369 INFO: Rendering edit page for doc_id=21
2025-04-08 19:23:14,837 INFO: Loaded existing document: id=21, title=123
2025-04-08 19:23:14,838 INFO: POST request received for doc_id=21
2025-04-08 19:23:14,838 INFO: Updating existing document: id=21, title=123
2025-04-08 19:23:14,842 INFO: Saved XML to documents/1_123_7914.xml
2025-04-08 19:23:14,881 INFO: Generated DOCX for document id=21
2025-04-08 19:41:24,155 INFO: Loaded existing document: id=21, title=123
2025-04-08 19:41:24,155 INFO: Rendering edit page for doc_id=21
2025-04-08 19:54:17,335 INFO: Loaded existing document: id=21, title=123
2025-04-08 19:54:17,336 INFO: Rendering edit page for doc_id=21
2025-04-08 19:54:23,906 INFO: Loaded existing document: id=21, title=123
2025-04-08 19:54:23,907 INFO: POST request received for doc_id=21
2025-04-08 19:54:23,908 INFO: Updating existing document: id=21, title=123
2025-04-08 19:54:23,908 INFO: Loaded existing document: id=21, title=123
2025-04-08 19:54:23,908 INFO: POST request received for doc_id=21
2025-04-08 19:54:23,908 INFO: Updating existing document: id=21, title=123
2025-04-08 19:54:23,913 INFO: Saved XML to documents/1_123_7914.xml
2025-04-08 19:54:23,913 INFO: Redirecting to edit_document with doc_id=21
2025-04-08 19:54:23,913 INFO: Saved XML to documents/1_123_7914.xml
2025-04-08 19:54:23,913 INFO: Redirecting to edit_document with doc_id=21
2025-04-08 19:54:23,938 INFO: Loaded existing document: id=21, title=123
2025-04-08 19:54:23,938 INFO: Rendering edit page for doc_id=21
2025-04-08 19:54:23,938 INFO: Loaded existing document: id=21, title=123
2025-04-08 19:54:23,938 INFO: Rendering edit page for doc_id=21
2025-04-08 19:54:28,062 INFO: Loaded existing document: id=21, title=123
2025-04-08 19:54:28,063 INFO: POST request received for doc_id=21
2025-04-08 19:54:28,063 INFO: Updating existing document: id=21, title=123
2025-04-08 19:54:28,069 INFO: Saved XML to documents/1_123_7914.xml
2025-04-08 19:54:28,069 INFO: Redirecting to edit_document with doc_id=21
2025-04-08 19:54:28,103 INFO: Loaded existing document: id=21, title=123
2025-04-08 19:54:28,103 INFO: Rendering edit page for doc_id=21
2025-04-08 19:54:29,004 INFO: Loaded existing document: id=21, title=123
2025-04-08 19:54:29,004 INFO: POST request received for doc_id=21
2025-04-08 19:54:29,004 INFO: Updating existing document: id=21, title=123
2025-04-08 19:54:29,011 INFO: Saved XML to documents/1_123_7914.xml
2025-04-08 19:54:29,011 INFO: Redirecting to edit_document with doc_id=21
2025-04-08 19:54:29,035 INFO: Loaded existing document: id=21, title=123
2025-04-08 19:54:29,036 INFO: Rendering edit page for doc_id=21
2025-04-08 19:54:31,174 INFO: Loaded existing document: id=21, title=123
2025-04-08 19:54:31,174 INFO: POST request received for doc_id=21
2025-04-08 19:54:31,174 INFO: Updating existing document: id=21, title=123
2025-04-08 19:54:31,177 INFO: Saved XML to documents/1_123_7914.xml
2025-04-08 19:54:31,177 INFO: Redirecting to edit_document with doc_id=21
2025-04-08 19:54:31,199 INFO: Loaded existing document: id=21, title=123
2025-04-08 19:54:31,199 INFO: Rendering edit page for doc_id=21
2025-04-08 19:54:33,219 INFO: Loaded existing document: id=21, title=123
2025-04-08 19:54:33,219 INFO: POST request received for doc_id=21
2025-04-08 19:54:33,219 INFO: Updating existing document: id=21, title=123
2025-04-08 19:54:33,222 INFO: Saved XML to documents/1_123_7914.xml
2025-04-08 19:54:33,222 INFO: Redirecting to edit_document with doc_id=21
2025-04-08 19:54:33,244 INFO: Loaded existing document: id=21, title=123
2025-04-08 19:54:33,245 INFO: Rendering edit page for doc_id=21
2025-04-08 19:54:34,712 INFO: Loaded existing document: id=21, title=123
2025-04-08 19:54:34,712 INFO: POST request received for doc_id=21
2025-04-08 19:54:34,712 INFO: Updating existing document: id=21, title=123
2025-04-08 19:54:34,714 INFO: Saved XML to documents/1_123_7914.xml
2025-04-08 19:54:34,714 INFO: Redirecting to edit_document with doc_id=21
2025-04-08 19:54:34,739 INFO: Loaded existing document: id=21, title=123
2025-04-08 19:54:34,740 INFO: Rendering edit page for doc_id=21
2025-04-08 19:54:36,071 INFO: Loaded existing document: id=21, title=123
2025-04-08 19:54:36,071 INFO: POST request received for doc_id=21
2025-04-08 19:54:36,071 INFO: Updating existing document: id=21, title=123
2025-04-08 19:54:36,073 INFO: Saved XML to documents/1_123_7914.xml
2025-04-08 19:54:36,074 INFO: Redirecting to edit_document with doc_id=21
2025-04-08 19:54:36,097 INFO: Loaded existing document: id=21, title=123
2025-04-08 19:54:36,098 INFO: Rendering edit page for doc_id=21
2025-04-08 19:54:37,575 INFO: Loaded existing document: id=21, title=123
2025-04-08 19:54:37,575 INFO: Loaded existing document: id=21, title=123
2025-04-08 19:54:37,576 INFO: POST request received for doc_id=21
2025-04-08 19:54:37,576 INFO: Updating existing document: id=21, title=123
2025-04-08 19:54:37,576 INFO: POST request received for doc_id=21
2025-04-08 19:54:37,576 INFO: Updating existing document: id=21, title=123
2025-04-08 19:54:37,579 INFO: Saved XML to documents/1_123_7914.xml
2025-04-08 19:54:37,580 INFO: Redirecting to edit_document with doc_id=21
2025-04-08 19:54:37,581 INFO: Saved XML to documents/1_123_7914.xml
2025-04-08 19:54:37,581 INFO: Redirecting to edit_document with doc_id=21
2025-04-08 19:54:37,609 INFO: Loaded existing document: id=21, title=123
2025-04-08 19:54:37,609 INFO: Rendering edit page for doc_id=21
2025-04-08 19:54:37,609 INFO: Loaded existing document: id=21, title=123
2025-04-08 19:54:37,609 INFO: Rendering edit page for doc_id=21
2025-04-08 19:54:39,831 INFO: Loaded existing document: id=21, title=123
2025-04-08 19:54:39,831 INFO: POST request received for doc_id=21
2025-04-08 19:54:39,831 INFO: Updating existing document: id=21, title=123
2025-04-08 19:54:39,835 INFO: Saved XML to documents/1_123_7914.xml
2025-04-08 19:54:39,837 INFO: Redirecting to edit_document with doc_id=21
2025-04-08 19:54:39,863 INFO: Loaded existing document: id=21, title=123
2025-04-08 19:54:39,863 INFO: Rendering edit page for doc_id=21
2025-04-08 19:54:40,766 INFO: Loaded existing document: id=21, title=123
2025-04-08 19:54:40,766 INFO: POST request received for doc_id=21
2025-04-08 19:54:40,766 INFO: Updating existing document: id=21, title=123
2025-04-08 19:54:40,769 INFO: Saved XML to documents/1_123_7914.xml
2025-04-08 19:54:40,769 INFO: Redirecting to edit_document with doc_id=21
2025-04-08 19:54:40,791 INFO: Loaded existing document: id=21, title=123
2025-04-08 19:54:40,791 INFO: Rendering edit page for doc_id=21
2025-04-08 19:54:42,393 INFO: Loaded existing document: id=21, title=123
2025-04-08 19:54:42,394 INFO: POST request received for doc_id=21
2025-04-08 19:54:42,394 INFO: Updating existing document: id=21, title=123
2025-04-08 19:54:42,399 INFO: Saved XML to documents/1_123_7914.xml
2025-04-08 19:54:42,399 INFO: Redirecting to edit_document with doc_id=21
2025-04-08 19:54:42,423 INFO: Loaded existing document: id=21, title=123
2025-04-08 19:54:42,423 INFO: Rendering edit page for doc_id=21
2025-04-08 19:54:42,480 INFO: Loaded existing document: id=21, title=123
2025-04-08 19:54:42,481 INFO: POST request received for doc_id=21
2025-04-08 19:54:42,481 INFO: Updating existing document: id=21, title=123
2025-04-08 19:54:42,486 INFO: Saved XML to documents/1_123_7914.xml
2025-04-08 19:54:42,486 INFO: Redirecting to edit_document with doc_id=21
2025-04-08 19:54:42,513 INFO: Loaded existing document: id=21, title=123
2025-04-08 19:54:42,514 INFO: POST request received for doc_id=21
2025-04-08 19:54:42,514 INFO: Updating existing document: id=21, title=123
2025-04-08 19:54:42,517 INFO: Saved XML to documents/1_123_7914.xml
2025-04-08 19:54:42,518 INFO: Loaded existing document: id=21, title=123
2025-04-08 19:54:42,518 INFO: Rendering edit page for doc_id=21
2025-04-08 19:54:42,519 INFO: Redirecting to edit_document with doc_id=21
2025-04-08 19:54:42,545 INFO: Loaded existing document: id=21, title=123
2025-04-08 19:54:42,545 INFO: Rendering edit page for doc_id=21
2025-04-08 19:54:43,801 INFO: Loaded existing document: id=21, title=123
2025-04-08 19:54:43,803 INFO: POST request received for doc_id=21
2025-04-08 19:54:43,803 INFO: Updating existing document: id=21, title=123
2025-04-08 19:54:43,806 INFO: Saved XML to documents/1_123_7914.xml
2025-04-08 19:54:43,806 INFO: Redirecting to edit_document with doc_id=21
2025-04-08 19:54:43,835 INFO: Loaded existing document: id=21, title=123
2025-04-08 19:54:43,836 INFO: Rendering edit page for doc_id=21
2025-04-08 19:54:43,869 INFO: Loaded existing document: id=21, title=123
2025-04-08 19:54:43,869 INFO: POST request received for doc_id=21
2025-04-08 19:54:43,869 INFO: Updating existing document: id=21, title=123
2025-04-08 19:54:43,872 INFO: Saved XML to documents/1_123_7914.xml
2025-04-08 19:54:43,872 INFO: Redirecting to edit_document with doc_id=21
2025-04-08 19:54:43,899 INFO: Loaded existing document: id=21, title=123
2025-04-08 19:54:43,899 INFO: Rendering edit page for doc_id=21
2025-04-08 19:54:43,919 INFO: Loaded existing document: id=21, title=123
2025-04-08 19:54:43,919 INFO: POST request received for doc_id=21
2025-04-08 19:54:43,919 INFO: Updating existing document: id=21, title=123
2025-04-08 19:54:43,923 INFO: Saved XML to documents/1_123_7914.xml
2025-04-08 19:54:43,923 INFO: Redirecting to edit_document with doc_id=21
2025-04-08 19:54:43,945 INFO: Loaded existing document: id=21, title=123
2025-04-08 19:54:43,945 INFO: Rendering edit page for doc_id=21
2025-04-08 19:54:47,051 INFO: Loaded existing document: id=21, title=123
2025-04-08 19:54:47,051 INFO: POST request received for doc_id=21
2025-04-08 19:54:47,051 INFO: Updating existing document: id=21, title=123
2025-04-08 19:54:47,054 INFO: Saved XML to documents/1_123_7914.xml
2025-04-08 19:54:47,054 INFO: Redirecting to edit_document with doc_id=21
2025-04-08 19:54:47,059 INFO: Loaded existing document: id=21, title=123
2025-04-08 19:54:47,059 INFO: POST request received for doc_id=21
2025-04-08 19:54:47,059 INFO: Updating existing document: id=21, title=123
2025-04-08 19:54:47,062 INFO: Saved XML to documents/1_123_7914.xml
2025-04-08 19:54:47,062 INFO: Redirecting to edit_document with doc_id=21
2025-04-08 19:54:47,081 INFO: Loaded existing document: id=21, title=123
2025-04-08 19:54:47,081 INFO: Rendering edit page for doc_id=21
2025-04-08 19:54:47,097 INFO: Loaded existing document: id=21, title=123
2025-04-08 19:54:47,098 INFO: Rendering edit page for doc_id=21
2025-04-08 19:54:48,658 INFO: Loaded existing document: id=21, title=123
2025-04-08 19:54:48,658 INFO: POST request received for doc_id=21
2025-04-08 19:54:48,658 INFO: Loaded existing document: id=21, title=123
2025-04-08 19:54:48,659 INFO: POST request received for doc_id=21
2025-04-08 19:54:48,659 INFO: Updating existing document: id=21, title=123
2025-04-08 19:54:48,659 INFO: Updating existing document: id=21, title=123
2025-04-08 19:54:48,661 INFO: Saved XML to documents/1_123_7914.xml
2025-04-08 19:54:48,662 INFO: Redirecting to edit_document with doc_id=21
2025-04-08 19:54:48,662 INFO: Saved XML to documents/1_123_7914.xml
2025-04-08 19:54:48,663 INFO: Redirecting to edit_document with doc_id=21
2025-04-08 19:54:48,682 INFO: Loaded existing document: id=21, title=123
2025-04-08 19:54:48,683 INFO: Rendering edit page for doc_id=21
2025-04-08 19:54:48,711 INFO: Loaded existing document: id=21, title=123
2025-04-08 19:54:48,712 INFO: Rendering edit page for doc_id=21
2025-04-08 19:54:50,021 INFO: Loaded existing document: id=21, title=123
2025-04-08 19:54:50,021 INFO: POST request received for doc_id=21
2025-04-08 19:54:50,021 INFO: Updating existing document: id=21, title=123
2025-04-08 19:54:50,024 INFO: Saved XML to documents/1_123_7914.xml
2025-04-08 19:54:50,061 INFO: Generated DOCX for document id=21
2025-04-08 19:55:17,813 INFO: Loaded existing document: id=21, title=123
2025-04-08 19:55:17,814 INFO: POST request received for doc_id=21
2025-04-08 19:55:17,814 INFO: Updating existing document: id=21, title=123
2025-04-08 19:55:17,820 INFO: Saved XML to documents/1_123_7914.xml
2025-04-08 19:55:17,820 INFO: Redirecting to edit_document with doc_id=21
2025-04-08 19:55:17,821 INFO: Loaded existing document: id=21, title=123
2025-04-08 19:55:17,821 INFO: POST request received for doc_id=21
2025-04-08 19:55:17,821 INFO: Updating existing document: id=21, title=123
2025-04-08 19:55:17,831 INFO: Saved XML to documents/1_123_7914.xml
2025-04-08 19:55:17,831 INFO: Redirecting to edit_document with doc_id=21
2025-04-08 19:55:17,853 INFO: Loaded existing document: id=21, title=123
2025-04-08 19:55:17,853 INFO: Rendering edit page for doc_id=21
2025-04-08 19:55:17,857 INFO: Loaded existing document: id=21, title=123
2025-04-08 19:55:17,857 INFO: Rendering edit page for doc_id=21
2025-04-08 19:55:19,669 INFO: Loaded existing document: id=21, title=123
2025-04-08 19:55:19,670 INFO: POST request received for doc_id=21
2025-04-08 19:55:19,670 INFO: Updating existing document: id=21, title=123
2025-04-08 19:55:19,678 INFO: Saved XML to documents/1_123_7914.xml
2025-04-08 19:55:19,678 INFO: Redirecting to edit_document with doc_id=21
2025-04-08 19:55:19,706 INFO: Loaded existing document: id=21, title=123
2025-04-08 19:55:19,706 INFO: Rendering edit page for doc_id=21
2025-04-08 19:55:20,268 INFO: Loaded existing document: id=21, title=123
2025-04-08 19:55:20,268 INFO: POST request received for doc_id=21
2025-04-08 19:55:20,268 INFO: Updating existing document: id=21, title=123
2025-04-08 19:55:20,271 INFO: Saved XML to documents/1_123_7914.xml
2025-04-08 19:55:20,272 INFO: Redirecting to edit_document with doc_id=21
2025-04-08 19:55:20,294 INFO: Loaded existing document: id=21, title=123
2025-04-08 19:55:20,294 INFO: Rendering edit page for doc_id=21
2025-04-08 19:55:20,890 INFO: Loaded existing document: id=21, title=123
2025-04-08 19:55:20,890 INFO: POST request received for doc_id=21
2025-04-08 19:55:20,890 INFO: Updating existing document: id=21, title=123
2025-04-08 19:55:20,893 INFO: Saved XML to documents/1_123_7914.xml
2025-04-08 19:55:20,893 INFO: Redirecting to edit_document with doc_id=21
2025-04-08 19:55:20,916 INFO: Loaded existing document: id=21, title=123
2025-04-08 19:55:20,917 INFO: Rendering edit page for doc_id=21
2025-04-08 20:02:28,922 INFO: Loaded existing document: id=21, title=123
2025-04-08 20:02:28,923 INFO: Rendering edit page for doc_id=21
2025-04-08 20:02:32,528 INFO: Loaded existing document: id=21, title=123
2025-04-08 20:02:32,529 INFO: POST request received for doc_id=21
2025-04-08 20:02:32,529 INFO: Updating existing document: id=21, title=123
2025-04-08 20:02:32,534 INFO: Saved XML to documents/1_123_7914.xml
2025-04-08 20:02:32,535 INFO: Redirecting to edit_document with doc_id=21
2025-04-08 20:02:32,558 INFO: Loaded existing document: id=21, title=123
2025-04-08 20:02:32,558 INFO: Rendering edit page for doc_id=21
2025-04-08 20:02:32,817 INFO: Loaded existing document: id=21, title=123
2025-04-08 20:02:32,817 INFO: POST request received for doc_id=21
2025-04-08 20:02:32,817 INFO: Updating existing document: id=21, title=123
2025-04-08 20:02:32,819 INFO: Saved XML to documents/1_123_7914.xml
2025-04-08 20:02:32,819 INFO: Redirecting to edit_document with doc_id=21
2025-04-08 20:02:32,842 INFO: Loaded existing document: id=21, title=123
2025-04-08 20:02:32,842 INFO: Rendering edit page for doc_id=21
2025-04-08 20:02:32,963 INFO: Loaded existing document: id=21, title=123
2025-04-08 20:02:32,963 INFO: POST request received for doc_id=21
2025-04-08 20:02:32,963 INFO: Updating existing document: id=21, title=123
2025-04-08 20:02:32,966 INFO: Saved XML to documents/1_123_7914.xml
2025-04-08 20:02:32,967 INFO: Redirecting to edit_document with doc_id=21
2025-04-08 20:02:32,994 INFO: Loaded existing document: id=21, title=123
2025-04-08 20:02:32,994 INFO: Rendering edit page for doc_id=21
2025-04-08 20:02:33,095 INFO: Loaded existing document: id=21, title=123
2025-04-08 20:02:33,095 INFO: POST request received for doc_id=21
2025-04-08 20:02:33,096 INFO: Updating existing document: id=21, title=123
2025-04-08 20:02:33,101 INFO: Saved XML to documents/1_123_7914.xml
2025-04-08 20:02:33,101 INFO: Redirecting to edit_document with doc_id=21
2025-04-08 20:02:33,131 INFO: Loaded existing document: id=21, title=123
2025-04-08 20:02:33,132 INFO: Rendering edit page for doc_id=21
2025-04-08 20:02:33,230 INFO: Loaded existing document: id=21, title=123
2025-04-08 20:02:33,230 INFO: POST request received for doc_id=21
2025-04-08 20:02:33,230 INFO: Updating existing document: id=21, title=123
2025-04-08 20:02:33,233 INFO: Saved XML to documents/1_123_7914.xml
2025-04-08 20:02:33,233 INFO: Redirecting to edit_document with doc_id=21
2025-04-08 20:02:33,259 INFO: Loaded existing document: id=21, title=123
2025-04-08 20:02:33,259 INFO: Rendering edit page for doc_id=21
2025-04-08 20:02:33,361 INFO: Loaded existing document: id=21, title=123
2025-04-08 20:02:33,361 INFO: POST request received for doc_id=21
2025-04-08 20:02:33,361 INFO: Updating existing document: id=21, title=123
2025-04-08 20:02:33,364 INFO: Saved XML to documents/1_123_7914.xml
2025-04-08 20:02:33,364 INFO: Redirecting to edit_document with doc_id=21
2025-04-08 20:02:33,394 INFO: Loaded existing document: id=21, title=123
2025-04-08 20:02:33,395 INFO: Rendering edit page for doc_id=21
2025-04-08 20:02:33,488 INFO: Loaded existing document: id=21, title=123
2025-04-08 20:02:33,488 INFO: POST request received for doc_id=21
2025-04-08 20:02:33,488 INFO: Updating existing document: id=21, title=123
2025-04-08 20:02:33,491 INFO: Saved XML to documents/1_123_7914.xml
2025-04-08 20:02:33,491 INFO: Redirecting to edit_document with doc_id=21
2025-04-08 20:02:33,516 INFO: Loaded existing document: id=21, title=123
2025-04-08 20:02:33,517 INFO: Rendering edit page for doc_id=21
2025-04-08 20:02:33,622 INFO: Loaded existing document: id=21, title=123
2025-04-08 20:02:33,622 INFO: POST request received for doc_id=21
2025-04-08 20:02:33,622 INFO: Updating existing document: id=21, title=123
2025-04-08 20:02:33,625 INFO: Saved XML to documents/1_123_7914.xml
2025-04-08 20:02:33,625 INFO: Redirecting to edit_document with doc_id=21
2025-04-08 20:02:33,653 INFO: Loaded existing document: id=21, title=123
2025-04-08 20:02:33,653 INFO: Rendering edit page for doc_id=21
2025-04-08 20:02:33,766 INFO: Loaded existing document: id=21, title=123
2025-04-08 20:02:33,766 INFO: POST request received for doc_id=21
2025-04-08 20:02:33,766 INFO: Updating existing document: id=21, title=123
2025-04-08 20:02:33,768 INFO: Saved XML to documents/1_123_7914.xml
2025-04-08 20:02:33,769 INFO: Redirecting to edit_document with doc_id=21
2025-04-08 20:02:33,804 INFO: Loaded existing document: id=21, title=123
2025-04-08 20:02:33,804 INFO: Rendering edit page for doc_id=21
2025-04-08 20:02:35,417 INFO: Loaded existing document: id=21, title=123
2025-04-08 20:02:35,417 INFO: POST request received for doc_id=21
2025-04-08 20:02:35,417 INFO: Updating existing document: id=21, title=123
2025-04-08 20:02:35,425 INFO: Loaded existing document: id=21, title=123
2025-04-08 20:02:35,426 INFO: POST request received for doc_id=21
2025-04-08 20:02:35,426 INFO: Updating existing document: id=21, title=123
2025-04-08 20:02:35,420 ERROR: Exception on /document/21 [POST]
Traceback (most recent call last):
  File "/home/x3ron/diplom/env/lib/python3.8/site-packages/flask/app.py", line 1473, in wsgi_app
    response = self.full_dispatch_request()
  File "/home/x3ron/diplom/env/lib/python3.8/site-packages/flask/app.py", line 882, in full_dispatch_request
    rv = self.handle_user_exception(e)
  File "/home/x3ron/diplom/env/lib/python3.8/site-packages/flask/app.py", line 880, in full_dispatch_request
    rv = self.dispatch_request()
  File "/home/x3ron/diplom/env/lib/python3.8/site-packages/flask/app.py", line 865, in dispatch_request
    return self.ensure_sync(self.view_functions[rule.endpoint])(**view_args)  # type: ignore[no-any-return]
  File "/home/x3ron/diplom/app.py", line 253, in edit_document
    process_blocks(root)
  File "/home/x3ron/diplom/app.py", line 205, in process_blocks
    text_elem.text = request.form.get(f'content_{parent_id}[]', '')[content_idx]
IndexError: string index out of range
2025-04-08 20:02:35,434 ERROR: Exception on /document/21 [POST]
Traceback (most recent call last):
  File "/home/x3ron/diplom/env/lib/python3.8/site-packages/flask/app.py", line 1473, in wsgi_app
    response = self.full_dispatch_request()
  File "/home/x3ron/diplom/env/lib/python3.8/site-packages/flask/app.py", line 882, in full_dispatch_request
    rv = self.handle_user_exception(e)
  File "/home/x3ron/diplom/env/lib/python3.8/site-packages/flask/app.py", line 880, in full_dispatch_request
    rv = self.dispatch_request()
  File "/home/x3ron/diplom/env/lib/python3.8/site-packages/flask/app.py", line 865, in dispatch_request
    return self.ensure_sync(self.view_functions[rule.endpoint])(**view_args)  # type: ignore[no-any-return]
  File "/home/x3ron/diplom/app.py", line 253, in edit_document
    process_blocks(root)
  File "/home/x3ron/diplom/app.py", line 205, in process_blocks
    text_elem.text = request.form.get(f'content_{parent_id}[]', '')[content_idx]
IndexError: string index out of range
2025-04-08 20:02:35,444 INFO: Loaded existing document: id=21, title=123
2025-04-08 20:02:35,444 INFO: POST request received for doc_id=21
2025-04-08 20:02:35,444 INFO: Updating existing document: id=21, title=123
2025-04-08 20:02:35,448 ERROR: Exception on /document/21 [POST]
Traceback (most recent call last):
  File "/home/x3ron/diplom/env/lib/python3.8/site-packages/flask/app.py", line 1473, in wsgi_app
    response = self.full_dispatch_request()
  File "/home/x3ron/diplom/env/lib/python3.8/site-packages/flask/app.py", line 882, in full_dispatch_request
    rv = self.handle_user_exception(e)
  File "/home/x3ron/diplom/env/lib/python3.8/site-packages/flask/app.py", line 880, in full_dispatch_request
    rv = self.dispatch_request()
  File "/home/x3ron/diplom/env/lib/python3.8/site-packages/flask/app.py", line 865, in dispatch_request
    return self.ensure_sync(self.view_functions[rule.endpoint])(**view_args)  # type: ignore[no-any-return]
  File "/home/x3ron/diplom/app.py", line 253, in edit_document
    process_blocks(root)
  File "/home/x3ron/diplom/app.py", line 205, in process_blocks
    text_elem.text = request.form.get(f'content_{parent_id}[]', '')[content_idx]
IndexError: string index out of range
2025-04-08 20:02:37,442 INFO: Loaded existing document: id=21, title=123
2025-04-08 20:02:37,443 INFO: POST request received for doc_id=21
2025-04-08 20:02:37,443 INFO: Updating existing document: id=21, title=123
2025-04-08 20:02:37,447 ERROR: Exception on /document/21 [POST]
Traceback (most recent call last):
  File "/home/x3ron/diplom/env/lib/python3.8/site-packages/flask/app.py", line 1473, in wsgi_app
    response = self.full_dispatch_request()
  File "/home/x3ron/diplom/env/lib/python3.8/site-packages/flask/app.py", line 882, in full_dispatch_request
    rv = self.handle_user_exception(e)
  File "/home/x3ron/diplom/env/lib/python3.8/site-packages/flask/app.py", line 880, in full_dispatch_request
    rv = self.dispatch_request()
  File "/home/x3ron/diplom/env/lib/python3.8/site-packages/flask/app.py", line 865, in dispatch_request
    return self.ensure_sync(self.view_functions[rule.endpoint])(**view_args)  # type: ignore[no-any-return]
  File "/home/x3ron/diplom/app.py", line 253, in edit_document
    process_blocks(root)
  File "/home/x3ron/diplom/app.py", line 205, in process_blocks
    text_elem.text = request.form.get(f'content_{parent_id}[]', '')[content_idx]
IndexError: string index out of range
2025-04-08 20:02:38,495 INFO: Loaded existing document: id=21, title=123
2025-04-08 20:02:38,495 INFO: POST request received for doc_id=21
2025-04-08 20:02:38,495 INFO: Updating existing document: id=21, title=123
2025-04-08 20:02:38,497 ERROR: Exception on /document/21 [POST]
Traceback (most recent call last):
  File "/home/x3ron/diplom/env/lib/python3.8/site-packages/flask/app.py", line 1473, in wsgi_app
    response = self.full_dispatch_request()
  File "/home/x3ron/diplom/env/lib/python3.8/site-packages/flask/app.py", line 882, in full_dispatch_request
    rv = self.handle_user_exception(e)
  File "/home/x3ron/diplom/env/lib/python3.8/site-packages/flask/app.py", line 880, in full_dispatch_request
    rv = self.dispatch_request()
  File "/home/x3ron/diplom/env/lib/python3.8/site-packages/flask/app.py", line 865, in dispatch_request
    return self.ensure_sync(self.view_functions[rule.endpoint])(**view_args)  # type: ignore[no-any-return]
  File "/home/x3ron/diplom/app.py", line 253, in edit_document
    process_blocks(root)
  File "/home/x3ron/diplom/app.py", line 205, in process_blocks
    text_elem.text = request.form.get(f'content_{parent_id}[]', '')[content_idx]
IndexError: string index out of range
2025-04-08 20:02:39,541 INFO: Loaded existing document: id=21, title=123
2025-04-08 20:02:39,541 INFO: POST request received for doc_id=21
2025-04-08 20:02:39,541 INFO: Updating existing document: id=21, title=123
2025-04-08 20:02:39,544 INFO: Saved XML to documents/1_123_7914.xml
2025-04-08 20:02:39,544 INFO: Redirecting to edit_document with doc_id=21
2025-04-08 20:02:39,566 INFO: Loaded existing document: id=21, title=123
2025-04-08 20:02:39,566 INFO: Rendering edit page for doc_id=21
2025-04-08 20:02:39,630 INFO: Loaded existing document: id=21, title=123
2025-04-08 20:02:39,630 INFO: POST request received for doc_id=21
2025-04-08 20:02:39,630 INFO: Updating existing document: id=21, title=123
2025-04-08 20:02:39,633 INFO: Saved XML to documents/1_123_7914.xml
2025-04-08 20:02:39,634 INFO: Redirecting to edit_document with doc_id=21
2025-04-08 20:02:39,655 INFO: Loaded existing document: id=21, title=123
2025-04-08 20:02:39,655 INFO: Rendering edit page for doc_id=21
2025-04-08 20:02:39,725 INFO: Loaded existing document: id=21, title=123
2025-04-08 20:02:39,725 INFO: POST request received for doc_id=21
2025-04-08 20:02:39,725 INFO: Updating existing document: id=21, title=123
2025-04-08 20:02:39,729 INFO: Saved XML to documents/1_123_7914.xml
2025-04-08 20:02:39,729 INFO: Redirecting to edit_document with doc_id=21
2025-04-08 20:02:39,750 INFO: Loaded existing document: id=21, title=123
2025-04-08 20:02:39,750 INFO: Rendering edit page for doc_id=21
2025-04-08 20:02:39,819 INFO: Loaded existing document: id=21, title=123
2025-04-08 20:02:39,819 INFO: POST request received for doc_id=21
2025-04-08 20:02:39,819 INFO: Updating existing document: id=21, title=123
2025-04-08 20:02:39,822 INFO: Saved XML to documents/1_123_7914.xml
2025-04-08 20:02:39,822 INFO: Redirecting to edit_document with doc_id=21
2025-04-08 20:02:39,845 INFO: Loaded existing document: id=21, title=123
2025-04-08 20:02:39,846 INFO: Rendering edit page for doc_id=21
2025-04-08 20:02:40,625 INFO: Loaded existing document: id=21, title=123
2025-04-08 20:02:40,625 INFO: POST request received for doc_id=21
2025-04-08 20:02:40,626 INFO: Updating existing document: id=21, title=123
2025-04-08 20:02:40,626 INFO: Loaded existing document: id=21, title=123
2025-04-08 20:02:40,626 INFO: POST request received for doc_id=21
2025-04-08 20:02:40,627 INFO: Updating existing document: id=21, title=123
2025-04-08 20:02:40,628 INFO: Loaded existing document: id=21, title=123
2025-04-08 20:02:40,628 INFO: POST request received for doc_id=21
2025-04-08 20:02:40,628 INFO: Updating existing document: id=21, title=123
2025-04-08 20:02:40,630 INFO: Saved XML to documents/1_123_7914.xml
2025-04-08 20:02:40,631 INFO: Saved XML to documents/1_123_7914.xml
2025-04-08 20:02:40,631 INFO: Redirecting to edit_document with doc_id=21
2025-04-08 20:02:40,631 INFO: Redirecting to edit_document with doc_id=21
2025-04-08 20:02:40,636 INFO: Saved XML to documents/1_123_7914.xml
2025-04-08 20:02:40,636 INFO: Redirecting to edit_document with doc_id=21
2025-04-08 20:02:40,663 INFO: Loaded existing document: id=21, title=123
2025-04-08 20:02:40,663 INFO: POST request received for doc_id=21
2025-04-08 20:02:40,664 INFO: Updating existing document: id=21, title=123
2025-04-08 20:02:40,667 INFO: Saved XML to documents/1_123_7914.xml
2025-04-08 20:02:40,668 INFO: Redirecting to edit_document with doc_id=21
2025-04-08 20:02:40,680 INFO: Loaded existing document: id=21, title=123
2025-04-08 20:02:40,680 INFO: Rendering edit page for doc_id=21
2025-04-08 20:02:40,680 INFO: Loaded existing document: id=21, title=123
2025-04-08 20:02:40,681 INFO: Rendering edit page for doc_id=21
2025-04-08 20:02:40,705 INFO: Loaded existing document: id=21, title=123
2025-04-08 20:02:40,706 INFO: Rendering edit page for doc_id=21
2025-04-08 20:02:40,715 INFO: Loaded existing document: id=21, title=123
2025-04-08 20:02:40,715 INFO: Rendering edit page for doc_id=21
2025-04-08 20:02:41,206 INFO: Loaded existing document: id=21, title=123
2025-04-08 20:02:41,207 INFO: POST request received for doc_id=21
2025-04-08 20:02:41,207 INFO: Updating existing document: id=21, title=123
2025-04-08 20:02:41,211 INFO: Saved XML to documents/1_123_7914.xml
2025-04-08 20:02:41,211 INFO: Redirecting to edit_document with doc_id=21
2025-04-08 20:02:41,234 INFO: Loaded existing document: id=21, title=123
2025-04-08 20:02:41,235 INFO: Rendering edit page for doc_id=21
2025-04-08 20:02:47,125 INFO: Loaded existing document: id=21, title=123
2025-04-08 20:02:47,125 INFO: POST request received for doc_id=21
2025-04-08 20:02:47,125 INFO: Updating existing document: id=21, title=123
2025-04-08 20:02:47,135 ERROR: Exception on /document/21 [POST]
Traceback (most recent call last):
  File "/home/x3ron/diplom/env/lib/python3.8/site-packages/flask/app.py", line 1473, in wsgi_app
    response = self.full_dispatch_request()
  File "/home/x3ron/diplom/env/lib/python3.8/site-packages/flask/app.py", line 882, in full_dispatch_request
    rv = self.handle_user_exception(e)
  File "/home/x3ron/diplom/env/lib/python3.8/site-packages/flask/app.py", line 880, in full_dispatch_request
    rv = self.dispatch_request()
  File "/home/x3ron/diplom/env/lib/python3.8/site-packages/flask/app.py", line 865, in dispatch_request
    return self.ensure_sync(self.view_functions[rule.endpoint])(**view_args)  # type: ignore[no-any-return]
  File "/home/x3ron/diplom/app.py", line 253, in edit_document
    process_blocks(root)
  File "/home/x3ron/diplom/app.py", line 207, in process_blocks
    text_elem.set("indent_left", request.form.get(f'indent_left_{parent_id}[]', '0')[content_idx])
IndexError: string index out of range
2025-04-08 20:02:47,139 INFO: Loaded existing document: id=21, title=123
2025-04-08 20:02:47,139 INFO: POST request received for doc_id=21
2025-04-08 20:02:47,139 INFO: Updating existing document: id=21, title=123
2025-04-08 20:02:47,143 INFO: Loaded existing document: id=21, title=123
2025-04-08 20:02:47,144 INFO: POST request received for doc_id=21
2025-04-08 20:02:47,144 INFO: Updating existing document: id=21, title=123
2025-04-08 20:02:47,145 ERROR: Exception on /document/21 [POST]
Traceback (most recent call last):
  File "/home/x3ron/diplom/env/lib/python3.8/site-packages/flask/app.py", line 1473, in wsgi_app
    response = self.full_dispatch_request()
  File "/home/x3ron/diplom/env/lib/python3.8/site-packages/flask/app.py", line 882, in full_dispatch_request
    rv = self.handle_user_exception(e)
  File "/home/x3ron/diplom/env/lib/python3.8/site-packages/flask/app.py", line 880, in full_dispatch_request
    rv = self.dispatch_request()
  File "/home/x3ron/diplom/env/lib/python3.8/site-packages/flask/app.py", line 865, in dispatch_request
    return self.ensure_sync(self.view_functions[rule.endpoint])(**view_args)  # type: ignore[no-any-return]
  File "/home/x3ron/diplom/app.py", line 253, in edit_document
    process_blocks(root)
  File "/home/x3ron/diplom/app.py", line 207, in process_blocks
    text_elem.set("indent_left", request.form.get(f'indent_left_{parent_id}[]', '0')[content_idx])
IndexError: string index out of range
2025-04-08 20:02:47,149 ERROR: Exception on /document/21 [POST]
Traceback (most recent call last):
  File "/home/x3ron/diplom/env/lib/python3.8/site-packages/flask/app.py", line 1473, in wsgi_app
    response = self.full_dispatch_request()
  File "/home/x3ron/diplom/env/lib/python3.8/site-packages/flask/app.py", line 882, in full_dispatch_request
    rv = self.handle_user_exception(e)
  File "/home/x3ron/diplom/env/lib/python3.8/site-packages/flask/app.py", line 880, in full_dispatch_request
    rv = self.dispatch_request()
  File "/home/x3ron/diplom/env/lib/python3.8/site-packages/flask/app.py", line 865, in dispatch_request
    return self.ensure_sync(self.view_functions[rule.endpoint])(**view_args)  # type: ignore[no-any-return]
  File "/home/x3ron/diplom/app.py", line 253, in edit_document
    process_blocks(root)
  File "/home/x3ron/diplom/app.py", line 207, in process_blocks
    text_elem.set("indent_left", request.form.get(f'indent_left_{parent_id}[]', '0')[content_idx])
IndexError: string index out of range
2025-04-08 20:02:47,173 INFO: Loaded existing document: id=21, title=123
2025-04-08 20:02:47,174 INFO: POST request received for doc_id=21
2025-04-08 20:02:47,174 INFO: Updating existing document: id=21, title=123
2025-04-08 20:02:47,180 ERROR: Exception on /document/21 [POST]
Traceback (most recent call last):
  File "/home/x3ron/diplom/env/lib/python3.8/site-packages/flask/app.py", line 1473, in wsgi_app
    response = self.full_dispatch_request()
  File "/home/x3ron/diplom/env/lib/python3.8/site-packages/flask/app.py", line 882, in full_dispatch_request
    rv = self.handle_user_exception(e)
  File "/home/x3ron/diplom/env/lib/python3.8/site-packages/flask/app.py", line 880, in full_dispatch_request
    rv = self.dispatch_request()
  File "/home/x3ron/diplom/env/lib/python3.8/site-packages/flask/app.py", line 865, in dispatch_request
    return self.ensure_sync(self.view_functions[rule.endpoint])(**view_args)  # type: ignore[no-any-return]
  File "/home/x3ron/diplom/app.py", line 253, in edit_document
    process_blocks(root)
  File "/home/x3ron/diplom/app.py", line 207, in process_blocks
    text_elem.set("indent_left", request.form.get(f'indent_left_{parent_id}[]', '0')[content_idx])
IndexError: string index out of range
2025-04-08 20:02:49,794 INFO: Loaded existing document: id=21, title=123
2025-04-08 20:02:49,794 INFO: POST request received for doc_id=21
2025-04-08 20:02:49,795 INFO: Updating existing document: id=21, title=123
2025-04-08 20:02:49,799 ERROR: Exception on /document/21 [POST]
Traceback (most recent call last):
  File "/home/x3ron/diplom/env/lib/python3.8/site-packages/flask/app.py", line 1473, in wsgi_app
    response = self.full_dispatch_request()
  File "/home/x3ron/diplom/env/lib/python3.8/site-packages/flask/app.py", line 882, in full_dispatch_request
    rv = self.handle_user_exception(e)
  File "/home/x3ron/diplom/env/lib/python3.8/site-packages/flask/app.py", line 880, in full_dispatch_request
    rv = self.dispatch_request()
  File "/home/x3ron/diplom/env/lib/python3.8/site-packages/flask/app.py", line 865, in dispatch_request
    return self.ensure_sync(self.view_functions[rule.endpoint])(**view_args)  # type: ignore[no-any-return]
  File "/home/x3ron/diplom/app.py", line 253, in edit_document
    process_blocks(root)
  File "/home/x3ron/diplom/app.py", line 207, in process_blocks
    text_elem.set("indent_left", request.form.get(f'indent_left_{parent_id}[]', '0')[content_idx])
IndexError: string index out of range
2025-04-08 20:02:50,551 INFO: Loaded existing document: id=21, title=123
2025-04-08 20:02:50,551 INFO: POST request received for doc_id=21
2025-04-08 20:02:50,551 INFO: Updating existing document: id=21, title=123
2025-04-08 20:02:50,554 ERROR: Exception on /document/21 [POST]
Traceback (most recent call last):
  File "/home/x3ron/diplom/env/lib/python3.8/site-packages/flask/app.py", line 1473, in wsgi_app
    response = self.full_dispatch_request()
  File "/home/x3ron/diplom/env/lib/python3.8/site-packages/flask/app.py", line 882, in full_dispatch_request
    rv = self.handle_user_exception(e)
  File "/home/x3ron/diplom/env/lib/python3.8/site-packages/flask/app.py", line 880, in full_dispatch_request
    rv = self.dispatch_request()
  File "/home/x3ron/diplom/env/lib/python3.8/site-packages/flask/app.py", line 865, in dispatch_request
    return self.ensure_sync(self.view_functions[rule.endpoint])(**view_args)  # type: ignore[no-any-return]
  File "/home/x3ron/diplom/app.py", line 253, in edit_document
    process_blocks(root)
  File "/home/x3ron/diplom/app.py", line 207, in process_blocks
    text_elem.set("indent_left", request.form.get(f'indent_left_{parent_id}[]', '0')[content_idx])
IndexError: string index out of range
2025-04-08 20:02:51,028 INFO: Loaded existing document: id=21, title=123
2025-04-08 20:02:51,028 INFO: POST request received for doc_id=21
2025-04-08 20:02:51,028 INFO: Updating existing document: id=21, title=123
2025-04-08 20:02:51,031 ERROR: Exception on /document/21 [POST]
Traceback (most recent call last):
  File "/home/x3ron/diplom/env/lib/python3.8/site-packages/flask/app.py", line 1473, in wsgi_app
    response = self.full_dispatch_request()
  File "/home/x3ron/diplom/env/lib/python3.8/site-packages/flask/app.py", line 882, in full_dispatch_request
    rv = self.handle_user_exception(e)
  File "/home/x3ron/diplom/env/lib/python3.8/site-packages/flask/app.py", line 880, in full_dispatch_request
    rv = self.dispatch_request()
  File "/home/x3ron/diplom/env/lib/python3.8/site-packages/flask/app.py", line 865, in dispatch_request
    return self.ensure_sync(self.view_functions[rule.endpoint])(**view_args)  # type: ignore[no-any-return]
  File "/home/x3ron/diplom/app.py", line 253, in edit_document
    process_blocks(root)
  File "/home/x3ron/diplom/app.py", line 207, in process_blocks
    text_elem.set("indent_left", request.form.get(f'indent_left_{parent_id}[]', '0')[content_idx])
IndexError: string index out of range
2025-04-08 20:02:51,855 INFO: Loaded existing document: id=21, title=123
2025-04-08 20:02:51,856 INFO: POST request received for doc_id=21
2025-04-08 20:02:51,856 INFO: Updating existing document: id=21, title=123
2025-04-08 20:02:51,860 ERROR: Exception on /document/21 [POST]
Traceback (most recent call last):
  File "/home/x3ron/diplom/env/lib/python3.8/site-packages/flask/app.py", line 1473, in wsgi_app
    response = self.full_dispatch_request()
  File "/home/x3ron/diplom/env/lib/python3.8/site-packages/flask/app.py", line 882, in full_dispatch_request
    rv = self.handle_user_exception(e)
  File "/home/x3ron/diplom/env/lib/python3.8/site-packages/flask/app.py", line 880, in full_dispatch_request
    rv = self.dispatch_request()
  File "/home/x3ron/diplom/env/lib/python3.8/site-packages/flask/app.py", line 865, in dispatch_request
    return self.ensure_sync(self.view_functions[rule.endpoint])(**view_args)  # type: ignore[no-any-return]
  File "/home/x3ron/diplom/app.py", line 253, in edit_document
    process_blocks(root)
  File "/home/x3ron/diplom/app.py", line 205, in process_blocks
    text_elem.text = request.form.get(f'content_{parent_id}[]', '')[content_idx]
IndexError: string index out of range
2025-04-08 20:02:53,282 INFO: Loaded existing document: id=21, title=123
2025-04-08 20:02:53,283 INFO: POST request received for doc_id=21
2025-04-08 20:02:53,283 INFO: Updating existing document: id=21, title=123
2025-04-08 20:02:53,286 INFO: Saved XML to documents/1_123_7914.xml
2025-04-08 20:02:53,286 INFO: Redirecting to edit_document with doc_id=21
2025-04-08 20:02:53,306 INFO: Loaded existing document: id=21, title=123
2025-04-08 20:02:53,306 INFO: Rendering edit page for doc_id=21
2025-04-08 20:02:53,354 INFO: Loaded existing document: id=21, title=123
2025-04-08 20:02:53,354 INFO: POST request received for doc_id=21
2025-04-08 20:02:53,354 INFO: Updating existing document: id=21, title=123
2025-04-08 20:02:53,358 INFO: Saved XML to documents/1_123_7914.xml
2025-04-08 20:02:53,358 INFO: Redirecting to edit_document with doc_id=21
2025-04-08 20:02:53,391 INFO: Loaded existing document: id=21, title=123
2025-04-08 20:02:53,391 INFO: Rendering edit page for doc_id=21
2025-04-08 20:02:53,415 INFO: Loaded existing document: id=21, title=123
2025-04-08 20:02:53,415 INFO: POST request received for doc_id=21
2025-04-08 20:02:53,416 INFO: Updating existing document: id=21, title=123
2025-04-08 20:02:53,419 INFO: Saved XML to documents/1_123_7914.xml
2025-04-08 20:02:53,419 INFO: Redirecting to edit_document with doc_id=21
2025-04-08 20:02:53,442 INFO: Loaded existing document: id=21, title=123
2025-04-08 20:02:53,442 INFO: Rendering edit page for doc_id=21
2025-04-08 20:02:53,550 INFO: Loaded existing document: id=21, title=123
2025-04-08 20:02:53,551 INFO: POST request received for doc_id=21
2025-04-08 20:02:53,551 INFO: Updating existing document: id=21, title=123
2025-04-08 20:02:53,554 INFO: Saved XML to documents/1_123_7914.xml
2025-04-08 20:02:53,554 INFO: Redirecting to edit_document with doc_id=21
2025-04-08 20:02:53,590 INFO: Loaded existing document: id=21, title=123
2025-04-08 20:02:53,590 INFO: Rendering edit page for doc_id=21
2025-04-08 20:02:53,593 INFO: Loaded existing document: id=21, title=123
2025-04-08 20:02:53,593 INFO: POST request received for doc_id=21
2025-04-08 20:02:53,594 INFO: Updating existing document: id=21, title=123
2025-04-08 20:02:53,602 INFO: Saved XML to documents/1_123_7914.xml
2025-04-08 20:02:53,602 INFO: Redirecting to edit_document with doc_id=21
2025-04-08 20:02:53,634 INFO: Loaded existing document: id=21, title=123
2025-04-08 20:02:53,634 INFO: POST request received for doc_id=21
2025-04-08 20:02:53,634 INFO: Updating existing document: id=21, title=123
2025-04-08 20:02:53,637 INFO: Saved XML to documents/1_123_7914.xml
2025-04-08 20:02:53,637 INFO: Redirecting to edit_document with doc_id=21
2025-04-08 20:02:53,634 INFO: Loaded existing document: id=21, title=123
2025-04-08 20:02:53,639 INFO: Rendering edit page for doc_id=21
2025-04-08 20:02:53,661 INFO: Loaded existing document: id=21, title=123
2025-04-08 20:02:53,662 INFO: Rendering edit page for doc_id=21
2025-04-08 20:02:53,949 INFO: Loaded existing document: id=21, title=123
2025-04-08 20:02:53,950 INFO: POST request received for doc_id=21
2025-04-08 20:02:53,950 INFO: Updating existing document: id=21, title=123
2025-04-08 20:02:53,952 INFO: Saved XML to documents/1_123_7914.xml
2025-04-08 20:02:53,984 INFO: Generated DOCX for document id=21
2025-04-08 20:03:03,905 INFO: Loaded existing document: id=21, title=123
2025-04-08 20:03:03,906 INFO: POST request received for doc_id=21
2025-04-08 20:03:03,906 INFO: Updating existing document: id=21, title=123
2025-04-08 20:03:03,908 INFO: Saved XML to documents/1_123_7914.xml
2025-04-08 20:03:03,908 INFO: Redirecting to edit_document with doc_id=21
2025-04-08 20:03:03,948 INFO: Loaded existing document: id=21, title=123
2025-04-08 20:03:03,949 INFO: Rendering edit page for doc_id=21
2025-04-08 20:03:06,032 INFO: Loaded existing document: id=21, title=123
2025-04-08 20:03:06,032 INFO: POST request received for doc_id=21
2025-04-08 20:03:06,032 INFO: Updating existing document: id=21, title=123
2025-04-08 20:03:06,035 INFO: Saved XML to documents/1_123_7914.xml
2025-04-08 20:03:06,035 INFO: Redirecting to edit_document with doc_id=21
2025-04-08 20:03:06,057 INFO: Loaded existing document: id=21, title=123
2025-04-08 20:03:06,057 INFO: Rendering edit page for doc_id=21
2025-04-08 20:03:07,441 INFO: Loaded existing document: id=21, title=123
2025-04-08 20:03:07,441 INFO: POST request received for doc_id=21
2025-04-08 20:03:07,442 INFO: Updating existing document: id=21, title=123
2025-04-08 20:03:07,444 INFO: Saved XML to documents/1_123_7914.xml
2025-04-08 20:03:07,444 INFO: Redirecting to edit_document with doc_id=21
2025-04-08 20:03:07,468 INFO: Loaded existing document: id=21, title=123
2025-04-08 20:03:07,469 INFO: Rendering edit page for doc_id=21
2025-04-08 20:03:07,519 INFO: Loaded existing document: id=21, title=123
2025-04-08 20:03:07,519 INFO: POST request received for doc_id=21
2025-04-08 20:03:07,523 INFO: Updating existing document: id=21, title=123
2025-04-08 20:03:07,529 INFO: Saved XML to documents/1_123_7914.xml
2025-04-08 20:03:07,529 INFO: Redirecting to edit_document with doc_id=21
2025-04-08 20:03:07,564 INFO: Loaded existing document: id=21, title=123
2025-04-08 20:03:07,565 INFO: Rendering edit page for doc_id=21
2025-04-08 20:03:07,565 INFO: Loaded existing document: id=21, title=123
2025-04-08 20:03:07,565 INFO: POST request received for doc_id=21
2025-04-08 20:03:07,566 INFO: Updating existing document: id=21, title=123
2025-04-08 20:03:07,569 INFO: Saved XML to documents/1_123_7914.xml
2025-04-08 20:03:07,569 INFO: Redirecting to edit_document with doc_id=21
2025-04-08 20:03:07,594 INFO: Loaded existing document: id=21, title=123
2025-04-08 20:03:07,594 INFO: Rendering edit page for doc_id=21
2025-04-08 20:03:08,402 INFO: Loaded existing document: id=21, title=123
2025-04-08 20:03:08,403 INFO: POST request received for doc_id=21
2025-04-08 20:03:08,403 INFO: Updating existing document: id=21, title=123
2025-04-08 20:03:08,408 ERROR: Exception on /document/21 [POST]
Traceback (most recent call last):
  File "/home/x3ron/diplom/env/lib/python3.8/site-packages/flask/app.py", line 1473, in wsgi_app
    response = self.full_dispatch_request()
  File "/home/x3ron/diplom/env/lib/python3.8/site-packages/flask/app.py", line 882, in full_dispatch_request
    rv = self.handle_user_exception(e)
  File "/home/x3ron/diplom/env/lib/python3.8/site-packages/flask/app.py", line 880, in full_dispatch_request
    rv = self.dispatch_request()
  File "/home/x3ron/diplom/env/lib/python3.8/site-packages/flask/app.py", line 865, in dispatch_request
    return self.ensure_sync(self.view_functions[rule.endpoint])(**view_args)  # type: ignore[no-any-return]
  File "/home/x3ron/diplom/app.py", line 253, in edit_document
    process_blocks(root)
  File "/home/x3ron/diplom/app.py", line 205, in process_blocks
    text_elem.text = request.form.get(f'content_{parent_id}[]', '')[content_idx]
IndexError: string index out of range
2025-04-08 20:03:08,410 INFO: Loaded existing document: id=21, title=123
2025-04-08 20:03:08,410 INFO: POST request received for doc_id=21
2025-04-08 20:03:08,410 INFO: Updating existing document: id=21, title=123
2025-04-08 20:03:08,417 ERROR: Exception on /document/21 [POST]
Traceback (most recent call last):
  File "/home/x3ron/diplom/env/lib/python3.8/site-packages/flask/app.py", line 1473, in wsgi_app
    response = self.full_dispatch_request()
  File "/home/x3ron/diplom/env/lib/python3.8/site-packages/flask/app.py", line 882, in full_dispatch_request
    rv = self.handle_user_exception(e)
  File "/home/x3ron/diplom/env/lib/python3.8/site-packages/flask/app.py", line 880, in full_dispatch_request
    rv = self.dispatch_request()
  File "/home/x3ron/diplom/env/lib/python3.8/site-packages/flask/app.py", line 865, in dispatch_request
    return self.ensure_sync(self.view_functions[rule.endpoint])(**view_args)  # type: ignore[no-any-return]
  File "/home/x3ron/diplom/app.py", line 253, in edit_document
    process_blocks(root)
  File "/home/x3ron/diplom/app.py", line 205, in process_blocks
    text_elem.text = request.form.get(f'content_{parent_id}[]', '')[content_idx]
IndexError: string index out of range
2025-04-08 20:03:08,424 INFO: Loaded existing document: id=21, title=123
2025-04-08 20:03:08,424 INFO: POST request received for doc_id=21
2025-04-08 20:03:08,424 INFO: Updating existing document: id=21, title=123
2025-04-08 20:03:08,427 ERROR: Exception on /document/21 [POST]
Traceback (most recent call last):
  File "/home/x3ron/diplom/env/lib/python3.8/site-packages/flask/app.py", line 1473, in wsgi_app
    response = self.full_dispatch_request()
  File "/home/x3ron/diplom/env/lib/python3.8/site-packages/flask/app.py", line 882, in full_dispatch_request
    rv = self.handle_user_exception(e)
  File "/home/x3ron/diplom/env/lib/python3.8/site-packages/flask/app.py", line 880, in full_dispatch_request
    rv = self.dispatch_request()
  File "/home/x3ron/diplom/env/lib/python3.8/site-packages/flask/app.py", line 865, in dispatch_request
    return self.ensure_sync(self.view_functions[rule.endpoint])(**view_args)  # type: ignore[no-any-return]
  File "/home/x3ron/diplom/app.py", line 253, in edit_document
    process_blocks(root)
  File "/home/x3ron/diplom/app.py", line 205, in process_blocks
    text_elem.text = request.form.get(f'content_{parent_id}[]', '')[content_idx]
IndexError: string index out of range
2025-04-08 20:03:09,973 INFO: Loaded existing document: id=21, title=123
2025-04-08 20:03:09,974 INFO: POST request received for doc_id=21
2025-04-08 20:03:09,974 INFO: Updating existing document: id=21, title=123
2025-04-08 20:03:09,977 ERROR: Exception on /document/21 [POST]
Traceback (most recent call last):
  File "/home/x3ron/diplom/env/lib/python3.8/site-packages/flask/app.py", line 1473, in wsgi_app
    response = self.full_dispatch_request()
  File "/home/x3ron/diplom/env/lib/python3.8/site-packages/flask/app.py", line 882, in full_dispatch_request
    rv = self.handle_user_exception(e)
  File "/home/x3ron/diplom/env/lib/python3.8/site-packages/flask/app.py", line 880, in full_dispatch_request
    rv = self.dispatch_request()
  File "/home/x3ron/diplom/env/lib/python3.8/site-packages/flask/app.py", line 865, in dispatch_request
    return self.ensure_sync(self.view_functions[rule.endpoint])(**view_args)  # type: ignore[no-any-return]
  File "/home/x3ron/diplom/app.py", line 253, in edit_document
    process_blocks(root)
  File "/home/x3ron/diplom/app.py", line 205, in process_blocks
    text_elem.text = request.form.get(f'content_{parent_id}[]', '')[content_idx]
IndexError: string index out of range
2025-04-08 20:03:10,183 INFO: Loaded existing document: id=21, title=123
2025-04-08 20:03:10,183 INFO: POST request received for doc_id=21
2025-04-08 20:03:10,184 INFO: Updating existing document: id=21, title=123
2025-04-08 20:03:10,190 ERROR: Exception on /document/21 [POST]
Traceback (most recent call last):
  File "/home/x3ron/diplom/env/lib/python3.8/site-packages/flask/app.py", line 1473, in wsgi_app
    response = self.full_dispatch_request()
  File "/home/x3ron/diplom/env/lib/python3.8/site-packages/flask/app.py", line 882, in full_dispatch_request
    rv = self.handle_user_exception(e)
  File "/home/x3ron/diplom/env/lib/python3.8/site-packages/flask/app.py", line 880, in full_dispatch_request
    rv = self.dispatch_request()
  File "/home/x3ron/diplom/env/lib/python3.8/site-packages/flask/app.py", line 865, in dispatch_request
    return self.ensure_sync(self.view_functions[rule.endpoint])(**view_args)  # type: ignore[no-any-return]
  File "/home/x3ron/diplom/app.py", line 253, in edit_document
    process_blocks(root)
  File "/home/x3ron/diplom/app.py", line 205, in process_blocks
    text_elem.text = request.form.get(f'content_{parent_id}[]', '')[content_idx]
IndexError: string index out of range
2025-04-08 20:03:10,230 INFO: Loaded existing document: id=21, title=123
2025-04-08 20:03:10,230 INFO: POST request received for doc_id=21
2025-04-08 20:03:10,230 INFO: Updating existing document: id=21, title=123
2025-04-08 20:03:10,234 ERROR: Exception on /document/21 [POST]
Traceback (most recent call last):
  File "/home/x3ron/diplom/env/lib/python3.8/site-packages/flask/app.py", line 1473, in wsgi_app
    response = self.full_dispatch_request()
  File "/home/x3ron/diplom/env/lib/python3.8/site-packages/flask/app.py", line 882, in full_dispatch_request
    rv = self.handle_user_exception(e)
  File "/home/x3ron/diplom/env/lib/python3.8/site-packages/flask/app.py", line 880, in full_dispatch_request
    rv = self.dispatch_request()
  File "/home/x3ron/diplom/env/lib/python3.8/site-packages/flask/app.py", line 865, in dispatch_request
    return self.ensure_sync(self.view_functions[rule.endpoint])(**view_args)  # type: ignore[no-any-return]
  File "/home/x3ron/diplom/app.py", line 253, in edit_document
    process_blocks(root)
  File "/home/x3ron/diplom/app.py", line 205, in process_blocks
    text_elem.text = request.form.get(f'content_{parent_id}[]', '')[content_idx]
IndexError: string index out of range
2025-04-08 20:03:10,249 INFO: Loaded existing document: id=21, title=123
2025-04-08 20:03:10,250 INFO: POST request received for doc_id=21
2025-04-08 20:03:10,250 INFO: Updating existing document: id=21, title=123
2025-04-08 20:03:10,254 ERROR: Exception on /document/21 [POST]
Traceback (most recent call last):
  File "/home/x3ron/diplom/env/lib/python3.8/site-packages/flask/app.py", line 1473, in wsgi_app
    response = self.full_dispatch_request()
  File "/home/x3ron/diplom/env/lib/python3.8/site-packages/flask/app.py", line 882, in full_dispatch_request
    rv = self.handle_user_exception(e)
  File "/home/x3ron/diplom/env/lib/python3.8/site-packages/flask/app.py", line 880, in full_dispatch_request
    rv = self.dispatch_request()
  File "/home/x3ron/diplom/env/lib/python3.8/site-packages/flask/app.py", line 865, in dispatch_request
    return self.ensure_sync(self.view_functions[rule.endpoint])(**view_args)  # type: ignore[no-any-return]
  File "/home/x3ron/diplom/app.py", line 253, in edit_document
    process_blocks(root)
  File "/home/x3ron/diplom/app.py", line 205, in process_blocks
    text_elem.text = request.form.get(f'content_{parent_id}[]', '')[content_idx]
IndexError: string index out of range
2025-04-08 20:03:11,189 INFO: Loaded existing document: id=21, title=123
2025-04-08 20:03:11,190 INFO: POST request received for doc_id=21
2025-04-08 20:03:11,190 INFO: Updating existing document: id=21, title=123
2025-04-08 20:03:11,194 ERROR: Exception on /document/21 [POST]
Traceback (most recent call last):
  File "/home/x3ron/diplom/env/lib/python3.8/site-packages/flask/app.py", line 1473, in wsgi_app
    response = self.full_dispatch_request()
  File "/home/x3ron/diplom/env/lib/python3.8/site-packages/flask/app.py", line 882, in full_dispatch_request
    rv = self.handle_user_exception(e)
  File "/home/x3ron/diplom/env/lib/python3.8/site-packages/flask/app.py", line 880, in full_dispatch_request
    rv = self.dispatch_request()
  File "/home/x3ron/diplom/env/lib/python3.8/site-packages/flask/app.py", line 865, in dispatch_request
    return self.ensure_sync(self.view_functions[rule.endpoint])(**view_args)  # type: ignore[no-any-return]
  File "/home/x3ron/diplom/app.py", line 253, in edit_document
    process_blocks(root)
  File "/home/x3ron/diplom/app.py", line 205, in process_blocks
    text_elem.text = request.form.get(f'content_{parent_id}[]', '')[content_idx]
IndexError: string index out of range
2025-04-08 20:03:11,248 INFO: Loaded existing document: id=21, title=123
2025-04-08 20:03:11,248 INFO: POST request received for doc_id=21
2025-04-08 20:03:11,248 INFO: Updating existing document: id=21, title=123
2025-04-08 20:03:11,252 ERROR: Exception on /document/21 [POST]
Traceback (most recent call last):
  File "/home/x3ron/diplom/env/lib/python3.8/site-packages/flask/app.py", line 1473, in wsgi_app
    response = self.full_dispatch_request()
  File "/home/x3ron/diplom/env/lib/python3.8/site-packages/flask/app.py", line 882, in full_dispatch_request
    rv = self.handle_user_exception(e)
  File "/home/x3ron/diplom/env/lib/python3.8/site-packages/flask/app.py", line 880, in full_dispatch_request
    rv = self.dispatch_request()
  File "/home/x3ron/diplom/env/lib/python3.8/site-packages/flask/app.py", line 865, in dispatch_request
    return self.ensure_sync(self.view_functions[rule.endpoint])(**view_args)  # type: ignore[no-any-return]
  File "/home/x3ron/diplom/app.py", line 253, in edit_document
    process_blocks(root)
  File "/home/x3ron/diplom/app.py", line 205, in process_blocks
    text_elem.text = request.form.get(f'content_{parent_id}[]', '')[content_idx]
IndexError: string index out of range
2025-04-08 20:03:11,253 INFO: Loaded existing document: id=21, title=123
2025-04-08 20:03:11,253 INFO: POST request received for doc_id=21
2025-04-08 20:03:11,253 INFO: Updating existing document: id=21, title=123
2025-04-08 20:03:11,256 ERROR: Exception on /document/21 [POST]
Traceback (most recent call last):
  File "/home/x3ron/diplom/env/lib/python3.8/site-packages/flask/app.py", line 1473, in wsgi_app
    response = self.full_dispatch_request()
  File "/home/x3ron/diplom/env/lib/python3.8/site-packages/flask/app.py", line 882, in full_dispatch_request
    rv = self.handle_user_exception(e)
  File "/home/x3ron/diplom/env/lib/python3.8/site-packages/flask/app.py", line 880, in full_dispatch_request
    rv = self.dispatch_request()
  File "/home/x3ron/diplom/env/lib/python3.8/site-packages/flask/app.py", line 865, in dispatch_request
    return self.ensure_sync(self.view_functions[rule.endpoint])(**view_args)  # type: ignore[no-any-return]
  File "/home/x3ron/diplom/app.py", line 253, in edit_document
    process_blocks(root)
  File "/home/x3ron/diplom/app.py", line 205, in process_blocks
    text_elem.text = request.form.get(f'content_{parent_id}[]', '')[content_idx]
IndexError: string index out of range
2025-04-08 20:03:11,780 INFO: Loaded existing document: id=21, title=123
2025-04-08 20:03:11,781 INFO: POST request received for doc_id=21
2025-04-08 20:03:11,781 INFO: Updating existing document: id=21, title=123
2025-04-08 20:03:11,785 ERROR: Exception on /document/21 [POST]
Traceback (most recent call last):
  File "/home/x3ron/diplom/env/lib/python3.8/site-packages/flask/app.py", line 1473, in wsgi_app
    response = self.full_dispatch_request()
  File "/home/x3ron/diplom/env/lib/python3.8/site-packages/flask/app.py", line 882, in full_dispatch_request
    rv = self.handle_user_exception(e)
  File "/home/x3ron/diplom/env/lib/python3.8/site-packages/flask/app.py", line 880, in full_dispatch_request
    rv = self.dispatch_request()
  File "/home/x3ron/diplom/env/lib/python3.8/site-packages/flask/app.py", line 865, in dispatch_request
    return self.ensure_sync(self.view_functions[rule.endpoint])(**view_args)  # type: ignore[no-any-return]
  File "/home/x3ron/diplom/app.py", line 253, in edit_document
    process_blocks(root)
  File "/home/x3ron/diplom/app.py", line 205, in process_blocks
    text_elem.text = request.form.get(f'content_{parent_id}[]', '')[content_idx]
IndexError: string index out of range
2025-04-08 20:03:26,419 INFO: Loaded existing document: id=21, title=123
2025-04-08 20:03:26,421 INFO: Rendering edit page for doc_id=21
2025-04-08 20:03:27,692 INFO: Loaded existing document: id=21, title=123
2025-04-08 20:03:27,693 INFO: Rendering edit page for doc_id=21
2025-04-08 20:03:28,228 INFO: Loaded existing document: id=21, title=123
2025-04-08 20:03:28,229 INFO: Rendering edit page for doc_id=21
2025-04-08 20:03:29,321 INFO: Loaded existing document: id=21, title=123
2025-04-08 20:03:29,322 INFO: POST request received for doc_id=21
2025-04-08 20:03:29,322 INFO: Updating existing document: id=21, title=123
2025-04-08 20:03:29,325 INFO: Saved XML to documents/1_123_7914.xml
2025-04-08 20:03:29,325 INFO: Redirecting to edit_document with doc_id=21
2025-04-08 20:03:29,345 INFO: Loaded existing document: id=21, title=123
2025-04-08 20:03:29,346 INFO: Rendering edit page for doc_id=21
2025-04-08 20:03:29,639 INFO: Loaded existing document: id=21, title=123
2025-04-08 20:03:29,639 INFO: Rendering edit page for doc_id=21
2025-04-08 20:03:30,888 INFO: Loaded existing document: id=21, title=123
2025-04-08 20:03:30,889 INFO: POST request received for doc_id=21
2025-04-08 20:03:30,889 INFO: Updating existing document: id=21, title=123
2025-04-08 20:03:30,892 INFO: Saved XML to documents/1_123_7914.xml
2025-04-08 20:03:30,893 INFO: Redirecting to edit_document with doc_id=21
2025-04-08 20:03:30,917 INFO: Loaded existing document: id=21, title=123
2025-04-08 20:03:30,918 INFO: Rendering edit page for doc_id=21
2025-04-08 20:03:31,110 INFO: Loaded existing document: id=21, title=123
2025-04-08 20:03:31,110 INFO: Rendering edit page for doc_id=21
2025-04-08 20:03:32,215 INFO: Loaded existing document: id=21, title=123
2025-04-08 20:03:32,215 INFO: POST request received for doc_id=21
2025-04-08 20:03:32,216 INFO: Updating existing document: id=21, title=123
2025-04-08 20:03:32,218 INFO: Saved XML to documents/1_123_7914.xml
2025-04-08 20:03:32,219 INFO: Redirecting to edit_document with doc_id=21
2025-04-08 20:03:32,235 INFO: Loaded existing document: id=21, title=123
2025-04-08 20:03:32,235 INFO: Rendering edit page for doc_id=21
2025-04-08 20:03:32,469 INFO: Loaded existing document: id=21, title=123
2025-04-08 20:03:32,469 INFO: Rendering edit page for doc_id=21
2025-04-08 20:03:33,199 INFO: Loaded existing document: id=21, title=123
2025-04-08 20:03:33,200 INFO: Rendering edit page for doc_id=21
2025-04-08 20:03:35,439 INFO: Loaded existing document: id=21, title=123
2025-04-08 20:03:35,439 INFO: Rendering edit page for doc_id=21
2025-04-08 20:03:36,385 INFO: Loaded existing document: id=21, title=123
2025-04-08 20:03:36,386 INFO: POST request received for doc_id=21
2025-04-08 20:03:36,386 INFO: Updating existing document: id=21, title=123
2025-04-08 20:03:36,389 INFO: Saved XML to documents/1_123_7914.xml
2025-04-08 20:03:36,390 INFO: Redirecting to edit_document with doc_id=21
2025-04-08 20:03:36,413 INFO: Loaded existing document: id=21, title=123
2025-04-08 20:03:36,414 INFO: Rendering edit page for doc_id=21
2025-04-08 20:03:36,655 INFO: Loaded existing document: id=21, title=123
2025-04-08 20:03:36,655 INFO: Rendering edit page for doc_id=21
2025-04-08 20:03:37,828 INFO: Loaded existing document: id=21, title=123
2025-04-08 20:03:37,828 INFO: POST request received for doc_id=21
2025-04-08 20:03:37,828 INFO: Updating existing document: id=21, title=123
2025-04-08 20:03:37,832 INFO: Saved XML to documents/1_123_7914.xml
2025-04-08 20:03:37,832 INFO: Redirecting to edit_document with doc_id=21
2025-04-08 20:03:37,854 INFO: Loaded existing document: id=21, title=123
2025-04-08 20:03:37,854 INFO: Rendering edit page for doc_id=21
2025-04-08 20:03:38,050 INFO: Loaded existing document: id=21, title=123
2025-04-08 20:03:38,050 INFO: Rendering edit page for doc_id=21
